"visit_id` bigint NOT NULL auto_increment","content_id` bigint NOT NULL DEFAULT 0","actor_id` bigint NOT NULL DEFAULT 0","page_url` varchar(500) NOT NULL","page_domain` varchar(255) NOT NULL","page_path` varchar(500) NOT NULL","date_ymd` int NOT NULL","visits` int NOT NULL DEFAULT 0","depth` int NOT NULL DEFAULT 0","metadata_json` json","created_ymdhis` bigint NOT NULL DEFAULT 0","updated_ymdhis` bigint NOT NULL DEFAULT 0"
"visit_id` bigint NOT NULL auto_increment:BIGINT|NOT_NULL","content_id` bigint NOT NULL DEFAULT 0:BIGINT|NOT_NULL|DEFAULT:0","actor_id` bigint NOT NULL DEFAULT 0:BIGINT|NOT_NULL|DEFAULT:0","page_url` varchar(500) NOT NULL:VARCHAR(500)|NOT_NULL","page_domain` varchar(255) NOT NULL:VARCHAR(255)|NOT_NULL","page_path` varchar(500) NOT NULL:VARCHAR(500)|NOT_NULL","date_ymd` int NOT NULL:INT|NOT_NULL","visits` int NOT NULL DEFAULT 0:INT|NOT_NULL|DEFAULT:0","depth` int NOT NULL DEFAULT 0:INT|NOT_NULL|DEFAULT:0","metadata_json` json:JSON|NULL","created_ymdhis` bigint NOT NULL DEFAULT 0:BIGINT|NOT_NULL|DEFAULT:0","updated_ymdhis` bigint NOT NULL DEFAULT 0:BIGINT|NOT_NULL|DEFAULT:0"
1,1,1,http://lupopedia.com,lupopedia.com,,20260104,41,1,"{""legacy_pageurl"": ""http://lupopedia.com"", ""legacy_parentrec"": 0, ""legacy_department"": 1, ""legacy_levelvisits"": 37, ""legacy_livehelp_id"": 1, ""legacy_directvisits"": 4}",0,0
2,1,1,http://lupopedia.com/craftysyntax,lupopedia.com,/craftysyntax,20260104,22,2,"{""legacy_pageurl"": ""http://lupopedia.com/craftysyntax"", ""legacy_parentrec"": 1508, ""legacy_department"": 1, ""legacy_levelvisits"": 12, ""legacy_livehelp_id"": 1, ""legacy_directvisits"": 10}",0,0
3,1,1,http://lupopedia.com/search.php,lupopedia.com,/search.php,20260104,4,2,"{""legacy_pageurl"": ""http://lupopedia.com/search.php"", ""legacy_parentrec"": 1508, ""legacy_department"": 1, ""legacy_levelvisits"": 2, ""legacy_livehelp_id"": 1, ""legacy_directvisits"": 2}",0,0
4,1,1,http://lupopedia.com/content.php,lupopedia.com,/content.php,20260104,2,2,"{""legacy_pageurl"": ""http://lupopedia.com/content.php"", ""legacy_parentrec"": 1508, ""legacy_department"": 1, ""legacy_levelvisits"": 1, ""legacy_livehelp_id"": 1, ""legacy_directvisits"": 1}",0,0
5,1,1,http://lupopedia.com/content.php?id=1,lupopedia.com,/content.php?id=1,20260104,0,3,"{""legacy_pageurl"": ""http://lupopedia.com/content.php?id=1"", ""legacy_parentrec"": 1511, ""legacy_department"": 1, ""legacy_levelvisits"": 0, ""legacy_livehelp_id"": 1, ""legacy_directvisits"": 0}",0,0
6,1,1,http://lupopedia.com/index.php,lupopedia.com,/index.php,20260104,2,2,"{""legacy_pageurl"": ""http://lupopedia.com/index.php"", ""legacy_parentrec"": 1508, ""legacy_department"": 1, ""legacy_levelvisits"": 1, ""legacy_livehelp_id"": 1, ""legacy_directvisits"": 1}",0,0
7,1,1,http://collaborativepages.com,collaborativepages.com,,20260104,2,1,"{""legacy_pageurl"": ""http://collaborativepages.com"", ""legacy_parentrec"": 0, ""legacy_department"": 1, ""legacy_levelvisits"": 1, ""legacy_livehelp_id"": 1, ""legacy_directvisits"": 1}",0,0
8,1,1,http://lupopedia.com/craftysyntax_changelog.php,lupopedia.com,/craftysyntax_changelog.php,20260104,2,2,"{""legacy_pageurl"": ""http://lupopedia.com/craftysyntax_changelog.php"", ""legacy_parentrec"": 1508, ""legacy_department"": 1, ""legacy_levelvisits"": 1, ""legacy_livehelp_id"": 1, ""legacy_directvisits"": 1}",0,0
9,1,1,http://lupopedia.com/craftysyntax/#challenge,lupopedia.com,/craftysyntax/#challenge,20260104,2,3,"{""legacy_pageurl"": ""http://lupopedia.com/craftysyntax/#challenge"", ""legacy_parentrec"": 1509, ""legacy_department"": 1, ""legacy_levelvisits"": 1, ""legacy_livehelp_id"": 1, ""legacy_directvisits"": 1}",0,0
10,1,1,http://lupopedia.com/changelog.php,lupopedia.com,/changelog.php,20260104,4,2,"{""legacy_pageurl"": ""http://lupopedia.com/changelog.php"", ""legacy_parentrec"": 1508, ""legacy_department"": 1, ""legacy_levelvisits"": 2, ""legacy_livehelp_id"": 1, ""legacy_directvisits"": 2}",0,0
11,1,1,http://lupopedia.com/craftysyntax/#distribution,lupopedia.com,/craftysyntax/#distribution,20260104,2,3,"{""legacy_pageurl"": ""http://lupopedia.com/craftysyntax/#distribution"", ""legacy_parentrec"": 1509, ""legacy_department"": 1, ""legacy_levelvisits"": 1, ""legacy_livehelp_id"": 1, ""legacy_directvisits"": 1}",0,0
12,1,1,http://lupopedia.com/system_features.php,lupopedia.com,/system_features.php,20260104,2,2,"{""legacy_pageurl"": ""http://lupopedia.com/system_features.php"", ""legacy_parentrec"": 1508, ""legacy_department"": 1, ""legacy_levelvisits"": 1, ""legacy_livehelp_id"": 1, ""legacy_directvisits"": 1}",0,0
13,1,1,http://lupopedia.com/what_is_wolfie_headers.php,lupopedia.com,/what_is_wolfie_headers.php,20260104,2,2,"{""legacy_pageurl"": ""http://lupopedia.com/what_is_wolfie_headers.php"", ""legacy_parentrec"": 1508, ""legacy_department"": 1, ""legacy_levelvisits"": 1, ""legacy_livehelp_id"": 1, ""legacy_directvisits"": 1}",0,0
14,1,1,http://lupopedia.com/executive_summary.php,lupopedia.com,/executive_summary.php,20260104,2,2,"{""legacy_pageurl"": ""http://lupopedia.com/executive_summary.php"", ""legacy_parentrec"": 1508, ""legacy_department"": 1, ""legacy_levelvisits"": 1, ""legacy_livehelp_id"": 1, ""legacy_directvisits"": 1}",0,0
15,1,1,http://lupopedia.com/topics.php,lupopedia.com,/topics.php,20260104,2,2,"{""legacy_pageurl"": ""http://lupopedia.com/topics.php"", ""legacy_parentrec"": 1508, ""legacy_department"": 1, ""legacy_levelvisits"": 1, ""legacy_livehelp_id"": 1, ""legacy_directvisits"": 1}",0,0
16,1,1,http://lupopedia.com/privacy.php,lupopedia.com,/privacy.php,20260104,2,2,"{""legacy_pageurl"": ""http://lupopedia.com/privacy.php"", ""legacy_parentrec"": 1508, ""legacy_department"": 1, ""legacy_levelvisits"": 1, ""legacy_livehelp_id"": 1, ""legacy_directvisits"": 1}",0,0
17,1,1,http://lupopedia.com/support.php,lupopedia.com,/support.php,20260104,2,2,"{""legacy_pageurl"": ""http://lupopedia.com/support.php"", ""legacy_parentrec"": 1508, ""legacy_department"": 1, ""legacy_levelvisits"": 1, ""legacy_livehelp_id"": 1, ""legacy_directvisits"": 1}",0,0
18,1,1,http://lupopedia.com/directory.php,lupopedia.com,/directory.php,20260104,2,2,"{""legacy_pageurl"": ""http://lupopedia.com/directory.php"", ""legacy_parentrec"": 1508, ""legacy_department"": 1, ""legacy_levelvisits"": 1, ""legacy_livehelp_id"": 1, ""legacy_directvisits"": 1}",0,0
19,1,1,http://lupopedia.com/channels.php,lupopedia.com,/channels.php,20260104,4,2,"{""legacy_pageurl"": ""http://lupopedia.com/channels.php"", ""legacy_parentrec"": 1508, ""legacy_department"": 1, ""legacy_levelvisits"": 2, ""legacy_livehelp_id"": 1, ""legacy_directvisits"": 2}",0,0
20,1,1,http://lupopedia.com/events.php,lupopedia.com,/events.php,20260104,2,2,"{""legacy_pageurl"": ""http://lupopedia.com/events.php"", ""legacy_parentrec"": 1508, ""legacy_department"": 1, ""legacy_levelvisits"": 1, ""legacy_livehelp_id"": 1, ""legacy_directvisits"": 1}",0,0
21,1,1,http://lupopedia.com/agents.php,lupopedia.com,/agents.php,20260104,2,2,"{""legacy_pageurl"": ""http://lupopedia.com/agents.php"", ""legacy_parentrec"": 1508, ""legacy_department"": 1, ""legacy_levelvisits"": 1, ""legacy_livehelp_id"": 1, ""legacy_directvisits"": 1}",0,0
22,1,1,http://lupopedia.com/browse_collections.php,lupopedia.com,/browse_collections.php,20260104,2,2,"{""legacy_pageurl"": ""http://lupopedia.com/browse_collections.php"", ""legacy_parentrec"": 1508, ""legacy_department"": 1, ""legacy_levelvisits"": 1, ""legacy_livehelp_id"": 1, ""legacy_directvisits"": 1}",0,0
23,1,1,http://lupopedia.com/users.php,lupopedia.com,/users.php,20260104,2,2,"{""legacy_pageurl"": ""http://lupopedia.com/users.php"", ""legacy_parentrec"": 1508, ""legacy_department"": 1, ""legacy_levelvisits"": 1, ""legacy_livehelp_id"": 1, ""legacy_directvisits"": 1}",0,0
24,1,1,http://lupopedia.com/login.php,lupopedia.com,/login.php,20260104,2,2,"{""legacy_pageurl"": ""http://lupopedia.com/login.php"", ""legacy_parentrec"": 1508, ""legacy_department"": 1, ""legacy_levelvisits"": 1, ""legacy_livehelp_id"": 1, ""legacy_directvisits"": 1}",0,0
25,1,1,http://lupopedia.com,lupopedia.com,,20260105,42,1,"{""legacy_pageurl"": ""http://lupopedia.com"", ""legacy_parentrec"": 0, ""legacy_department"": 1, ""legacy_levelvisits"": 29, ""legacy_livehelp_id"": 1, ""legacy_directvisits"": 13}",0,0
26,1,1,http://lupopedia.com?utm_source=poweredby&utm_campaign=poweredby,lupopedia.com?utm_source=poweredby&utm_campaign=poweredby,,20260105,0,2,"{""legacy_pageurl"": ""http://lupopedia.com?utm_source=poweredby&utm_campaign=poweredby"", ""legacy_parentrec"": 1532, ""legacy_department"": 1, ""legacy_levelvisits"": 0, ""legacy_livehelp_id"": 1, ""legacy_directvisits"": 0}",0,0
27,1,1,http://lupopedia.com/wolfie_ladder?fbclid=IwZXh0bgNhZW0CMTEAc3J0YwZhcHBfaWQMMzUwNjg1NTMxNzI4AAEedih1BFGtRGYOTcsnKIj1idTucYEl_XhfUhT0jEgwbngbl3Wkz57sl1T0SUs_aem_0gN-07gAOLh9Qz-qOQSWKQ,lupopedia.com,/wolfie_ladder?fbclid=IwZXh0bgNhZW0CMTEAc3J0YwZhcHBfaWQMMzUwNjg1NTMxNzI4AAEedih1BFGtRGYOTcsnKIj1idTucYEl_XhfUhT0jEgwbngbl3Wkz57sl1T0SUs_aem_0gN-07gAOLh9Qz-qOQSWKQ,20260105,0,3,"{""legacy_pageurl"": ""http://lupopedia.com/wolfie_ladder?fbclid=IwZXh0bgNhZW0CMTEAc3J0YwZhcHBfaWQMMzUwNjg1NTMxNzI4AAEedih1BFGtRGYOTcsnKIj1idTucYEl_XhfUhT0jEgwbngbl3Wkz57sl1T0SUs_aem_0gN-07gAOLh9Qz-qOQSWKQ"", ""legacy_parentrec"": 1533, ""legacy_department"": 1, ""legacy_levelvisits"": 0, ""legacy_livehelp_id"": 1, ""legacy_directvisits"": 0}",0,0
28,1,1,http://lupopedia.com/support.php,lupopedia.com,/support.php,20260105,2,2,"{""legacy_pageurl"": ""http://lupopedia.com/support.php"", ""legacy_parentrec"": 1532, ""legacy_department"": 1, ""legacy_levelvisits"": 1, ""legacy_livehelp_id"": 1, ""legacy_directvisits"": 1}",0,0
29,1,1,http://lupopedia.com/craftysyntax,lupopedia.com,/craftysyntax,20260105,13,2,"{""legacy_pageurl"": ""http://lupopedia.com/craftysyntax"", ""legacy_parentrec"": 1532, ""legacy_department"": 1, ""legacy_levelvisits"": 7, ""legacy_livehelp_id"": 1, ""legacy_directvisits"": 6}",0,0
30,1,1,http://lupopedia.com/index.php,lupopedia.com,/index.php,20260105,2,2,"{""legacy_pageurl"": ""http://lupopedia.com/index.php"", ""legacy_parentrec"": 1532, ""legacy_department"": 1, ""legacy_levelvisits"": 1, ""legacy_livehelp_id"": 1, ""legacy_directvisits"": 1}",0,0
31,1,1,http://lupopedia.com/questions.php,lupopedia.com,/questions.php,20260105,2,2,"{""legacy_pageurl"": ""http://lupopedia.com/questions.php"", ""legacy_parentrec"": 1532, ""legacy_department"": 1, ""legacy_levelvisits"": 1, ""legacy_livehelp_id"": 1, ""legacy_directvisits"": 1}",0,0
32,1,1,http://lupopedia.com/wolfie_ladder?fbclid=IwZXh0bgNhZW0CMTEAc3J0YwZhcHBfaWQMMzUwNjg1NTMxNzI4AAEedih1BFGtRGYOTcsnKIj1idTucYEl_XhfUhT0jEgwbngbl3Wkz57sl1T0SUs_aem_0gN-07gAOLh9Qz-qOQSWKQ,lupopedia.com,/wolfie_ladder?fbclid=IwZXh0bgNhZW0CMTEAc3J0YwZhcHBfaWQMMzUwNjg1NTMxNzI4AAEedih1BFGtRGYOTcsnKIj1idTucYEl_XhfUhT0jEgwbngbl3Wkz57sl1T0SUs_aem_0gN-07gAOLh9Qz-qOQSWKQ,20260105,0,3,"{""legacy_pageurl"": ""http://lupopedia.com/wolfie_ladder?fbclid=IwZXh0bgNhZW0CMTEAc3J0YwZhcHBfaWQMMzUwNjg1NTMxNzI4AAEedih1BFGtRGYOTcsnKIj1idTucYEl_XhfUhT0jEgwbngbl3Wkz57sl1T0SUs_aem_0gN-07gAOLh9Qz-qOQSWKQ"", ""legacy_parentrec"": 1533, ""legacy_department"": 1, ""legacy_levelvisits"": 0, ""legacy_livehelp_id"": 1, ""legacy_directvisits"": 0}",0,0
33,1,1,http://collaborativepages.com,collaborativepages.com,,20260105,4,1,"{""legacy_pageurl"": ""http://collaborativepages.com"", ""legacy_parentrec"": 0, ""legacy_department"": 1, ""legacy_levelvisits"": 2, ""legacy_livehelp_id"": 1, ""legacy_directvisits"": 2}",0,0
34,1,1,http://lupopedia.com/what_are_wolfie_headers.php,lupopedia.com,/what_are_wolfie_headers.php,20260105,2,2,"{""legacy_pageurl"": ""http://lupopedia.com/what_are_wolfie_headers.php"", ""legacy_parentrec"": 1532, ""legacy_department"": 1, ""legacy_levelvisits"": 1, ""legacy_livehelp_id"": 1, ""legacy_directvisits"": 1}",0,0
35,1,1,http://lupopedia.com/agents.php,lupopedia.com,/agents.php,20260105,2,2,"{""legacy_pageurl"": ""http://lupopedia.com/agents.php"", ""legacy_parentrec"": 1532, ""legacy_department"": 1, ""legacy_levelvisits"": 1, ""legacy_livehelp_id"": 1, ""legacy_directvisits"": 1}",0,0
36,1,1,http://lupopedia.com/agent_profile.php,lupopedia.com,/agent_profile.php,20260105,4,2,"{""legacy_pageurl"": ""http://lupopedia.com/agent_profile.php"", ""legacy_parentrec"": 1532, ""legacy_department"": 1, ""legacy_levelvisits"": 2, ""legacy_livehelp_id"": 1, ""legacy_directvisits"": 2}",0,0
37,1,1,http://lupopedia.com/agent_profile.php?id=10,lupopedia.com,/agent_profile.php?id=10,20260105,0,3,"{""legacy_pageurl"": ""http://lupopedia.com/agent_profile.php?id=10"", ""legacy_parentrec"": 1543, ""legacy_department"": 1, ""legacy_levelvisits"": 0, ""legacy_livehelp_id"": 1, ""legacy_directvisits"": 0}",0,0
38,1,1,http://lupopedia.com/agent_profile.php?id=9,lupopedia.com,/agent_profile.php?id=9,20260105,0,3,"{""legacy_pageurl"": ""http://lupopedia.com/agent_profile.php?id=9"", ""legacy_parentrec"": 1543, ""legacy_department"": 1, ""legacy_levelvisits"": 0, ""legacy_livehelp_id"": 1, ""legacy_directvisits"": 0}",0,0
39,1,1,http://lupopedia.com/craftysyntax/#howto,lupopedia.com,/craftysyntax/#howto,20260105,2,3,"{""legacy_pageurl"": ""http://lupopedia.com/craftysyntax/#howto"", ""legacy_parentrec"": 1536, ""legacy_department"": 1, ""legacy_levelvisits"": 1, ""legacy_livehelp_id"": 1, ""legacy_directvisits"": 1}",0,0
40,1,1,http://lupopedia.com,lupopedia.com,,20260106,53,1,"{""legacy_pageurl"": ""http://lupopedia.com"", ""legacy_parentrec"": 0, ""legacy_department"": 1, ""legacy_levelvisits"": 40, ""legacy_livehelp_id"": 1, ""legacy_directvisits"": 13}",0,0
41,1,1,http://lupopedia.com/craftysyntax,lupopedia.com,/craftysyntax,20260106,17,2,"{""legacy_pageurl"": ""http://lupopedia.com/craftysyntax"", ""legacy_parentrec"": 1547, ""legacy_department"": 1, ""legacy_levelvisits"": 11, ""legacy_livehelp_id"": 1, ""legacy_directvisits"": 6}",0,0
42,1,1,http://lupopedia.com?utm_source=poweredby&utm_campaign=poweredby,lupopedia.com?utm_source=poweredby&utm_campaign=poweredby,,20260106,0,2,"{""legacy_pageurl"": ""http://lupopedia.com?utm_source=poweredby&utm_campaign=poweredby"", ""legacy_parentrec"": 1547, ""legacy_department"": 1, ""legacy_levelvisits"": 0, ""legacy_livehelp_id"": 1, ""legacy_directvisits"": 0}",0,0
43,1,1,http://lupopedia.com/craftysyntax/#download,lupopedia.com,/craftysyntax/#download,20260106,2,3,"{""legacy_pageurl"": ""http://lupopedia.com/craftysyntax/#download"", ""legacy_parentrec"": 1548, ""legacy_department"": 1, ""legacy_levelvisits"": 1, ""legacy_livehelp_id"": 1, ""legacy_directvisits"": 1}",0,0
44,1,1,http://collaborativepages.com,collaborativepages.com,,20260106,2,1,"{""legacy_pageurl"": ""http://collaborativepages.com"", ""legacy_parentrec"": 0, ""legacy_department"": 1, ""legacy_levelvisits"": 1, ""legacy_livehelp_id"": 1, ""legacy_directvisits"": 1}",0,0
45,1,1,http://lupopedia.com/agents.php,lupopedia.com,/agents.php,20260106,8,2,"{""legacy_pageurl"": ""http://lupopedia.com/agents.php"", ""legacy_parentrec"": 1547, ""legacy_department"": 1, ""legacy_levelvisits"": 4, ""legacy_livehelp_id"": 1, ""legacy_directvisits"": 4}",0,0
46,1,1,http://lupopedia.com/search.php,lupopedia.com,/search.php,20260106,2,2,"{""legacy_pageurl"": ""http://lupopedia.com/search.php"", ""legacy_parentrec"": 1547, ""legacy_department"": 1, ""legacy_levelvisits"": 1, ""legacy_livehelp_id"": 1, ""legacy_directvisits"": 1}",0,0
47,1,1,http://lupopedia.com/users.php,lupopedia.com,/users.php,20260106,2,2,"{""legacy_pageurl"": ""http://lupopedia.com/users.php"", ""legacy_parentrec"": 1547, ""legacy_department"": 1, ""legacy_levelvisits"": 1, ""legacy_livehelp_id"": 1, ""legacy_directvisits"": 1}",0,0
48,1,1,http://lupopedia.com/index.php,lupopedia.com,/index.php,20260106,2,2,"{""legacy_pageurl"": ""http://lupopedia.com/index.php"", ""legacy_parentrec"": 1547, ""legacy_department"": 1, ""legacy_levelvisits"": 1, ""legacy_livehelp_id"": 1, ""legacy_directvisits"": 1}",0,0
49,1,1,http://lupopedia.com/craftysyntax/#news,lupopedia.com,/craftysyntax/#news,20260106,2,3,"{""legacy_pageurl"": ""http://lupopedia.com/craftysyntax/#news"", ""legacy_parentrec"": 1548, ""legacy_department"": 1, ""legacy_levelvisits"": 1, ""legacy_livehelp_id"": 1, ""legacy_directvisits"": 1}",0,0
50,1,1,http://lupopedia.com/agent_profile.php,lupopedia.com,/agent_profile.php,20260106,14,2,"{""legacy_pageurl"": ""http://lupopedia.com/agent_profile.php"", ""legacy_parentrec"": 1547, ""legacy_department"": 1, ""legacy_levelvisits"": 7, ""legacy_livehelp_id"": 1, ""legacy_directvisits"": 7}",0,0
51,1,1,http://lupopedia.com/agent_profile.php?id=10,lupopedia.com,/agent_profile.php?id=10,20260106,0,3,"{""legacy_pageurl"": ""http://lupopedia.com/agent_profile.php?id=10"", ""legacy_parentrec"": 1557, ""legacy_department"": 1, ""legacy_levelvisits"": 0, ""legacy_livehelp_id"": 1, ""legacy_directvisits"": 0}",0,0
52,1,1,http://lupopedia.com/craftysyntax/lupopedia.php,lupopedia.com,/craftysyntax/lupopedia.php,20260106,2,3,"{""legacy_pageurl"": ""http://lupopedia.com/craftysyntax/lupopedia.php"", ""legacy_parentrec"": 1548, ""legacy_department"": 1, ""legacy_levelvisits"": 1, ""legacy_livehelp_id"": 1, ""legacy_directvisits"": 1}",0,0
53,1,1,http://lupopedia.com/support.php,lupopedia.com,/support.php,20260106,2,2,"{""legacy_pageurl"": ""http://lupopedia.com/support.php"", ""legacy_parentrec"": 1547, ""legacy_department"": 1, ""legacy_levelvisits"": 1, ""legacy_livehelp_id"": 1, ""legacy_directvisits"": 1}",0,0
54,1,1,http://lupopedia.com/questions.php,lupopedia.com,/questions.php,20260106,2,2,"{""legacy_pageurl"": ""http://lupopedia.com/questions.php"", ""legacy_parentrec"": 1547, ""legacy_department"": 1, ""legacy_levelvisits"": 1, ""legacy_livehelp_id"": 1, ""legacy_directvisits"": 1}",0,0
55,1,1,http://lupopedia.com/craftysyntax/planfor_next_version_craftysyntax.php,lupopedia.com,/craftysyntax/planfor_next_version_craftysyntax.php,20260106,2,3,"{""legacy_pageurl"": ""http://lupopedia.com/craftysyntax/planfor_next_version_craftysyntax.php"", ""legacy_parentrec"": 1548, ""legacy_department"": 1, ""legacy_levelvisits"": 1, ""legacy_livehelp_id"": 1, ""legacy_directvisits"": 1}",0,0
56,1,1,http://lupopedia.com/agent_profile.php?id=9,lupopedia.com,/agent_profile.php?id=9,20260106,0,3,"{""legacy_pageurl"": ""http://lupopedia.com/agent_profile.php?id=9"", ""legacy_parentrec"": 1557, ""legacy_department"": 1, ""legacy_levelvisits"": 0, ""legacy_livehelp_id"": 1, ""legacy_directvisits"": 0}",0,0
57,1,1,http://lupopedia.com/agent_profile.php?id=10,lupopedia.com,/agent_profile.php?id=10,20260106,0,3,"{""legacy_pageurl"": ""http://lupopedia.com/agent_profile.php?id=10"", ""legacy_parentrec"": 1557, ""legacy_department"": 1, ""legacy_levelvisits"": 0, ""legacy_livehelp_id"": 1, ""legacy_directvisits"": 0}",0,0
58,1,1,http://lupopedia.com/agent_profile.php?id=57,lupopedia.com,/agent_profile.php?id=57,20260106,0,3,"{""legacy_pageurl"": ""http://lupopedia.com/agent_profile.php?id=57"", ""legacy_parentrec"": 1557, ""legacy_department"": 1, ""legacy_levelvisits"": 0, ""legacy_livehelp_id"": 1, ""legacy_directvisits"": 0}",0,0
59,1,1,http://lupopedia.com/agent_profile.php?id=3,lupopedia.com,/agent_profile.php?id=3,20260106,0,3,"{""legacy_pageurl"": ""http://lupopedia.com/agent_profile.php?id=3"", ""legacy_parentrec"": 1557, ""legacy_department"": 1, ""legacy_levelvisits"": 0, ""legacy_livehelp_id"": 1, ""legacy_directvisits"": 0}",0,0
60,1,1,http://lupopedia.com/craftysyntax/craftysyntax_changelog.php,lupopedia.com,/craftysyntax/craftysyntax_changelog.php,20260106,2,3,"{""legacy_pageurl"": ""http://lupopedia.com/craftysyntax/craftysyntax_changelog.php"", ""legacy_parentrec"": 1548, ""legacy_department"": 1, ""legacy_levelvisits"": 1, ""legacy_livehelp_id"": 1, ""legacy_directvisits"": 1}",0,0
61,1,1,http://collaborativepages.com,collaborativepages.com,,20260107,2,1,"{""legacy_pageurl"": ""http://collaborativepages.com"", ""legacy_parentrec"": 0, ""legacy_department"": 1, ""legacy_levelvisits"": 1, ""legacy_livehelp_id"": 1, ""legacy_directvisits"": 1}",0,0
62,1,1,http://lupopedia.com,lupopedia.com,,20260107,1,1,"{""legacy_pageurl"": ""http://lupopedia.com"", ""legacy_parentrec"": 0, ""legacy_department"": 1, ""legacy_levelvisits"": 1, ""legacy_livehelp_id"": 1, ""legacy_directvisits"": 0}",0,0
63,1,1,http://lupopedia.com/craftysyntax,lupopedia.com,/craftysyntax,20260107,2,2,"{""legacy_pageurl"": ""http://lupopedia.com/craftysyntax"", ""legacy_parentrec"": 1569, ""legacy_department"": 1, ""legacy_levelvisits"": 1, ""legacy_livehelp_id"": 1, ""legacy_directvisits"": 1}",0,0
64,1,1,http://collaborativepages.com,collaborativepages.com,,20260108,7,1,"{""legacy_pageurl"": ""http://collaborativepages.com"", ""legacy_parentrec"": 0, ""legacy_department"": 1, ""legacy_levelvisits"": 4, ""legacy_livehelp_id"": 1, ""legacy_directvisits"": 3}",0,0
65,1,1,http://lupopedia.com,lupopedia.com,,20260108,21,1,"{""legacy_pageurl"": ""http://lupopedia.com"", ""legacy_parentrec"": 0, ""legacy_department"": 1, ""legacy_levelvisits"": 18, ""legacy_livehelp_id"": 1, ""legacy_directvisits"": 3}",0,0
66,1,1,http://lupopedia.com/agents.php,lupopedia.com,/agents.php,20260108,2,2,"{""legacy_pageurl"": ""http://lupopedia.com/agents.php"", ""legacy_parentrec"": 1572, ""legacy_department"": 1, ""legacy_levelvisits"": 1, ""legacy_livehelp_id"": 1, ""legacy_directvisits"": 1}",0,0
67,1,1,http://lupopedia.com/agent_profile.php,lupopedia.com,/agent_profile.php,20260108,16,2,"{""legacy_pageurl"": ""http://lupopedia.com/agent_profile.php"", ""legacy_parentrec"": 1572, ""legacy_department"": 1, ""legacy_levelvisits"": 8, ""legacy_livehelp_id"": 1, ""legacy_directvisits"": 8}",0,0
68,1,1,http://lupopedia.com/agent_profile.php?id=82,lupopedia.com,/agent_profile.php?id=82,20260108,0,3,"{""legacy_pageurl"": ""http://lupopedia.com/agent_profile.php?id=82"", ""legacy_parentrec"": 1574, ""legacy_department"": 1, ""legacy_levelvisits"": 0, ""legacy_livehelp_id"": 1, ""legacy_directvisits"": 0}",0,0
69,1,1,http://lupopedia.com/agent_profile.php?id=2,lupopedia.com,/agent_profile.php?id=2,20260108,0,3,"{""legacy_pageurl"": ""http://lupopedia.com/agent_profile.php?id=2"", ""legacy_parentrec"": 1574, ""legacy_department"": 1, ""legacy_levelvisits"": 0, ""legacy_livehelp_id"": 1, ""legacy_directvisits"": 0}",0,0
70,1,1,http://lupopedia.com/agent_profile.php?id=78,lupopedia.com,/agent_profile.php?id=78,20260108,0,3,"{""legacy_pageurl"": ""http://lupopedia.com/agent_profile.php?id=78"", ""legacy_parentrec"": 1574, ""legacy_department"": 1, ""legacy_levelvisits"": 0, ""legacy_livehelp_id"": 1, ""legacy_directvisits"": 0}",0,0
71,1,1,http://lupopedia.com/agent_profile.php?id=94,lupopedia.com,/agent_profile.php?id=94,20260108,0,3,"{""legacy_pageurl"": ""http://lupopedia.com/agent_profile.php?id=94"", ""legacy_parentrec"": 1574, ""legacy_department"": 1, ""legacy_levelvisits"": 0, ""legacy_livehelp_id"": 1, ""legacy_directvisits"": 0}",0,0
72,1,1,http://lupopedia.com/agent_profile.php?id=57,lupopedia.com,/agent_profile.php?id=57,20260108,0,3,"{""legacy_pageurl"": ""http://lupopedia.com/agent_profile.php?id=57"", ""legacy_parentrec"": 1574, ""legacy_department"": 1, ""legacy_levelvisits"": 0, ""legacy_livehelp_id"": 1, ""legacy_directvisits"": 0}",0,0
73,1,1,http://lupopedia.com/craftysyntax,lupopedia.com,/craftysyntax,20260108,9,2,"{""legacy_pageurl"": ""http://lupopedia.com/craftysyntax"", ""legacy_parentrec"": 1572, ""legacy_department"": 1, ""legacy_levelvisits"": 5, ""legacy_livehelp_id"": 1, ""legacy_directvisits"": 4}",0,0
74,1,1,http://lupopedia.com/craftysyntax/#challenge,lupopedia.com,/craftysyntax/#challenge,20260108,2,3,"{""legacy_pageurl"": ""http://lupopedia.com/craftysyntax/#challenge"", ""legacy_parentrec"": 1580, ""legacy_department"": 1, ""legacy_levelvisits"": 1, ""legacy_livehelp_id"": 1, ""legacy_directvisits"": 1}",0,0
75,1,1,http://collaborativepages.com/what_are_wolfie_headers.php,collaborativepages.com,/what_are_wolfie_headers.php,20260108,2,2,"{""legacy_pageurl"": ""http://collaborativepages.com/what_are_wolfie_headers.php"", ""legacy_parentrec"": 1571, ""legacy_department"": 1, ""legacy_levelvisits"": 1, ""legacy_livehelp_id"": 1, ""legacy_directvisits"": 1}",0,0
76,1,1,http://lupopedia.com/support.php,lupopedia.com,/support.php,20260108,2,2,"{""legacy_pageurl"": ""http://lupopedia.com/support.php"", ""legacy_parentrec"": 1572, ""legacy_department"": 1, ""legacy_levelvisits"": 1, ""legacy_livehelp_id"": 1, ""legacy_directvisits"": 1}",0,0
77,1,1,http://lupopedia.com,lupopedia.com,,20260109,24,1,"{""legacy_pageurl"": ""http://lupopedia.com"", ""legacy_parentrec"": 0, ""legacy_department"": 1, ""legacy_levelvisits"": 21, ""legacy_livehelp_id"": 1, ""legacy_directvisits"": 3}",0,0
78,1,1,http://lupopedia.com/agents.php,lupopedia.com,/agents.php,20260109,4,2,"{""legacy_pageurl"": ""http://lupopedia.com/agents.php"", ""legacy_parentrec"": 1584, ""legacy_department"": 1, ""legacy_levelvisits"": 2, ""legacy_livehelp_id"": 1, ""legacy_directvisits"": 2}",0,0
79,1,1,http://lupopedia.com/agent_profile.php,lupopedia.com,/agent_profile.php,20260109,4,2,"{""legacy_pageurl"": ""http://lupopedia.com/agent_profile.php"", ""legacy_parentrec"": 1584, ""legacy_department"": 1, ""legacy_levelvisits"": 2, ""legacy_livehelp_id"": 1, ""legacy_directvisits"": 2}",0,0
80,1,1,http://lupopedia.com/agent_profile.php?id=9,lupopedia.com,/agent_profile.php?id=9,20260109,0,3,"{""legacy_pageurl"": ""http://lupopedia.com/agent_profile.php?id=9"", ""legacy_parentrec"": 1586, ""legacy_department"": 1, ""legacy_levelvisits"": 0, ""legacy_livehelp_id"": 1, ""legacy_directvisits"": 0}",0,0
81,1,1,http://lupopedia.com/craftysyntax,lupopedia.com,/craftysyntax,20260109,11,2,"{""legacy_pageurl"": ""http://lupopedia.com/craftysyntax"", ""legacy_parentrec"": 1584, ""legacy_department"": 1, ""legacy_levelvisits"": 6, ""legacy_livehelp_id"": 1, ""legacy_directvisits"": 5}",0,0
82,1,1,http://lupopedia.com/members.php,lupopedia.com,/members.php,20260109,2,2,"{""legacy_pageurl"": ""http://lupopedia.com/members.php"", ""legacy_parentrec"": 1584, ""legacy_department"": 1, ""legacy_levelvisits"": 1, ""legacy_livehelp_id"": 1, ""legacy_directvisits"": 1}",0,0
83,1,1,http://lupopedia.com/support.php,lupopedia.com,/support.php,20260109,2,2,"{""legacy_pageurl"": ""http://lupopedia.com/support.php"", ""legacy_parentrec"": 1584, ""legacy_department"": 1, ""legacy_levelvisits"": 1, ""legacy_livehelp_id"": 1, ""legacy_directvisits"": 1}",0,0
84,1,1,http://lupopedia.com/questions.php,lupopedia.com,/questions.php,20260109,6,2,"{""legacy_pageurl"": ""http://lupopedia.com/questions.php"", ""legacy_parentrec"": 1584, ""legacy_department"": 1, ""legacy_levelvisits"": 3, ""legacy_livehelp_id"": 1, ""legacy_directvisits"": 3}",0,0
85,1,1,http://lupopedia.com/questions.php?tab=what&search=mobile,lupopedia.com,/questions.php?tab=what&search=mobile,20260109,0,3,"{""legacy_pageurl"": ""http://lupopedia.com/questions.php?tab=what&search=mobile"", ""legacy_parentrec"": 1591, ""legacy_department"": 1, ""legacy_levelvisits"": 0, ""legacy_livehelp_id"": 1, ""legacy_directvisits"": 0}",0,0
86,1,1,http://collaborativepages.com,collaborativepages.com,,20260109,3,1,"{""legacy_pageurl"": ""http://collaborativepages.com"", ""legacy_parentrec"": 0, ""legacy_department"": 1, ""legacy_levelvisits"": 2, ""legacy_livehelp_id"": 1, ""legacy_directvisits"": 1}",0,0
87,1,1,http://collaborativepages.com/who_is_wolfie.php,collaborativepages.com,/who_is_wolfie.php,20260109,2,2,"{""legacy_pageurl"": ""http://collaborativepages.com/who_is_wolfie.php"", ""legacy_parentrec"": 1593, ""legacy_department"": 1, ""legacy_levelvisits"": 1, ""legacy_livehelp_id"": 1, ""legacy_directvisits"": 1}",0,0
88,1,1,http://lupopedia.com/craftysyntax_changelog.php,lupopedia.com,/craftysyntax_changelog.php,20260109,2,2,"{""legacy_pageurl"": ""http://lupopedia.com/craftysyntax_changelog.php"", ""legacy_parentrec"": 1584, ""legacy_department"": 1, ""legacy_levelvisits"": 1, ""legacy_livehelp_id"": 1, ""legacy_directvisits"": 1}",0,0
89,1,1,http://lupopedia.com/account.php,lupopedia.com,/account.php,20260109,2,2,"{""legacy_pageurl"": ""http://lupopedia.com/account.php"", ""legacy_parentrec"": 1584, ""legacy_department"": 1, ""legacy_levelvisits"": 1, ""legacy_livehelp_id"": 1, ""legacy_directvisits"": 1}",0,0
90,1,1,http://lupopedia.com/account.php?v=3.7.5&d=&h=cripto2029.com,lupopedia.com,/account.php?v=3.7.5&d=&h=cripto2029.com,20260109,0,3,"{""legacy_pageurl"": ""http://lupopedia.com/account.php?v=3.7.5&d=&h=cripto2029.com"", ""legacy_parentrec"": 1596, ""legacy_department"": 1, ""legacy_levelvisits"": 0, ""legacy_livehelp_id"": 1, ""legacy_directvisits"": 0}",0,0
91,1,1,http://lupopedia.com/agent_profile.php?id=57,lupopedia.com,/agent_profile.php?id=57,20260109,0,3,"{""legacy_pageurl"": ""http://lupopedia.com/agent_profile.php?id=57"", ""legacy_parentrec"": 1586, ""legacy_department"": 1, ""legacy_levelvisits"": 0, ""legacy_livehelp_id"": 1, ""legacy_directvisits"": 0}",0,0
92,1,1,http://lupopedia.com/officehours.php,lupopedia.com,/officehours.php,20260109,2,2,"{""legacy_pageurl"": ""http://lupopedia.com/officehours.php"", ""legacy_parentrec"": 1584, ""legacy_department"": 1, ""legacy_levelvisits"": 1, ""legacy_livehelp_id"": 1, ""legacy_directvisits"": 1}",0,0
93,1,1,http://lupopedia.com/craftysyntax/#innovations,lupopedia.com,/craftysyntax/#innovations,20260109,2,3,"{""legacy_pageurl"": ""http://lupopedia.com/craftysyntax/#innovations"", ""legacy_parentrec"": 1588, ""legacy_department"": 1, ""legacy_levelvisits"": 1, ""legacy_livehelp_id"": 1, ""legacy_directvisits"": 1}",0,0
94,1,1,http://lupopedia.com,lupopedia.com,,20260110,23,1,"{""legacy_pageurl"": ""http://lupopedia.com"", ""legacy_parentrec"": 0, ""legacy_department"": 1, ""legacy_levelvisits"": 17, ""legacy_livehelp_id"": 1, ""legacy_directvisits"": 6}",0,0
95,1,1,http://lupopedia.com/craftysyntax_changelog.php,lupopedia.com,/craftysyntax_changelog.php,20260110,2,2,"{""legacy_pageurl"": ""http://lupopedia.com/craftysyntax_changelog.php"", ""legacy_parentrec"": 1601, ""legacy_department"": 1, ""legacy_levelvisits"": 1, ""legacy_livehelp_id"": 1, ""legacy_directvisits"": 1}",0,0
96,1,1,http://lupopedia.com/agents.php,lupopedia.com,/agents.php,20260110,4,2,"{""legacy_pageurl"": ""http://lupopedia.com/agents.php"", ""legacy_parentrec"": 1601, ""legacy_department"": 1, ""legacy_levelvisits"": 2, ""legacy_livehelp_id"": 1, ""legacy_directvisits"": 2}",0,0
97,1,1,http://lupopedia.com/agent_profile.php,lupopedia.com,/agent_profile.php,20260110,2,2,"{""legacy_pageurl"": ""http://lupopedia.com/agent_profile.php"", ""legacy_parentrec"": 1601, ""legacy_department"": 1, ""legacy_levelvisits"": 1, ""legacy_livehelp_id"": 1, ""legacy_directvisits"": 1}",0,0
98,1,1,http://lupopedia.com/agent_profile.php?id=10,lupopedia.com,/agent_profile.php?id=10,20260110,0,3,"{""legacy_pageurl"": ""http://lupopedia.com/agent_profile.php?id=10"", ""legacy_parentrec"": 1604, ""legacy_department"": 1, ""legacy_levelvisits"": 0, ""legacy_livehelp_id"": 1, ""legacy_directvisits"": 0}",0,0
99,1,1,http://lupopedia.com/officehours.php,lupopedia.com,/officehours.php,20260110,2,2,"{""legacy_pageurl"": ""http://lupopedia.com/officehours.php"", ""legacy_parentrec"": 1601, ""legacy_department"": 1, ""legacy_levelvisits"": 1, ""legacy_livehelp_id"": 1, ""legacy_directvisits"": 1}",0,0
100,1,1,http://lupopedia.com/craftysyntax,lupopedia.com,/craftysyntax,20260110,5,2,"{""legacy_pageurl"": ""http://lupopedia.com/craftysyntax"", ""legacy_parentrec"": 1601, ""legacy_department"": 1, ""legacy_levelvisits"": 3, ""legacy_livehelp_id"": 1, ""legacy_directvisits"": 2}",0,0
101,1,1,http://lupopedia.com/index.php,lupopedia.com,/index.php,20260110,2,2,"{""legacy_pageurl"": ""http://lupopedia.com/index.php"", ""legacy_parentrec"": 1601, ""legacy_department"": 1, ""legacy_levelvisits"": 1, ""legacy_livehelp_id"": 1, ""legacy_directvisits"": 1}",0,0
102,1,1,http://lupopedia.com/questions.php,lupopedia.com,/questions.php,20260110,2,2,"{""legacy_pageurl"": ""http://lupopedia.com/questions.php"", ""legacy_parentrec"": 1601, ""legacy_department"": 1, ""legacy_levelvisits"": 1, ""legacy_livehelp_id"": 1, ""legacy_directvisits"": 1}",0,0
103,1,1,http://lupopedia.com/search.php,lupopedia.com,/search.php,20260110,2,2,"{""legacy_pageurl"": ""http://lupopedia.com/search.php"", ""legacy_parentrec"": 1601, ""legacy_department"": 1, ""legacy_levelvisits"": 1, ""legacy_livehelp_id"": 1, ""legacy_directvisits"": 1}",0,0
104,1,1,http://lupopedia.com/craftysyntax/craftysyntax_changelog.php,lupopedia.com,/craftysyntax/craftysyntax_changelog.php,20260110,2,3,"{""legacy_pageurl"": ""http://lupopedia.com/craftysyntax/craftysyntax_changelog.php"", ""legacy_parentrec"": 1607, ""legacy_department"": 1, ""legacy_levelvisits"": 1, ""legacy_livehelp_id"": 1, ""legacy_directvisits"": 1}",0,0
105,1,1,http://collaborativepages.com,collaborativepages.com,,20260111,4,1,"{""legacy_pageurl"": ""http://collaborativepages.com"", ""legacy_parentrec"": 0, ""legacy_department"": 1, ""legacy_levelvisits"": 2, ""legacy_livehelp_id"": 1, ""legacy_directvisits"": 2}",0,0
106,1,1,http://lupopedia.com,lupopedia.com,,20260111,7,1,"{""legacy_pageurl"": ""http://lupopedia.com"", ""legacy_parentrec"": 0, ""legacy_department"": 1, ""legacy_levelvisits"": 5, ""legacy_livehelp_id"": 1, ""legacy_directvisits"": 2}",0,0
107,1,1,http://lupopedia.com/agent_profile.php,lupopedia.com,/agent_profile.php,20260111,2,2,"{""legacy_pageurl"": ""http://lupopedia.com/agent_profile.php"", ""legacy_parentrec"": 1613, ""legacy_department"": 1, ""legacy_levelvisits"": 1, ""legacy_livehelp_id"": 1, ""legacy_directvisits"": 1}",0,0
108,1,1,http://lupopedia.com/agent_profile.php?id=28,lupopedia.com,/agent_profile.php?id=28,20260111,0,3,"{""legacy_pageurl"": ""http://lupopedia.com/agent_profile.php?id=28"", ""legacy_parentrec"": 1614, ""legacy_department"": 1, ""legacy_levelvisits"": 0, ""legacy_livehelp_id"": 1, ""legacy_directvisits"": 0}",0,0
109,1,1,http://lupopedia.com/support.php,lupopedia.com,/support.php,20260111,2,2,"{""legacy_pageurl"": ""http://lupopedia.com/support.php"", ""legacy_parentrec"": 1613, ""legacy_department"": 1, ""legacy_levelvisits"": 1, ""legacy_livehelp_id"": 1, ""legacy_directvisits"": 1}",0,0
110,1,1,http://lupopedia.com/craftysyntax,lupopedia.com,/craftysyntax,20260111,2,2,"{""legacy_pageurl"": ""http://lupopedia.com/craftysyntax"", ""legacy_parentrec"": 1613, ""legacy_department"": 1, ""legacy_levelvisits"": 1, ""legacy_livehelp_id"": 1, ""legacy_directvisits"": 1}",0,0
111,1,1,http://lupopedia.com,lupopedia.com,,20260112,12,1,"{""legacy_pageurl"": ""http://lupopedia.com"", ""legacy_parentrec"": 0, ""legacy_department"": 1, ""legacy_levelvisits"": 9, ""legacy_livehelp_id"": 1, ""legacy_directvisits"": 3}",0,0
112,1,1,http://lupopedia.com/craftysyntax,lupopedia.com,/craftysyntax,20260112,8,2,"{""legacy_pageurl"": ""http://lupopedia.com/craftysyntax"", ""legacy_parentrec"": 1618, ""legacy_department"": 1, ""legacy_levelvisits"": 4, ""legacy_livehelp_id"": 1, ""legacy_directvisits"": 4}",0,0
113,1,1,http://lupopedia.com/agents.php,lupopedia.com,/agents.php,20260112,2,2,"{""legacy_pageurl"": ""http://lupopedia.com/agents.php"", ""legacy_parentrec"": 1618, ""legacy_department"": 1, ""legacy_levelvisits"": 1, ""legacy_livehelp_id"": 1, ""legacy_directvisits"": 1}",0,0
114,1,1,http://lupopedia.com/agent_profile.php,lupopedia.com,/agent_profile.php,20260112,2,2,"{""legacy_pageurl"": ""http://lupopedia.com/agent_profile.php"", ""legacy_parentrec"": 1618, ""legacy_department"": 1, ""legacy_levelvisits"": 1, ""legacy_livehelp_id"": 1, ""legacy_directvisits"": 1}",0,0
115,1,1,http://lupopedia.com/agent_profile.php?id=99,lupopedia.com,/agent_profile.php?id=99,20260112,0,3,"{""legacy_pageurl"": ""http://lupopedia.com/agent_profile.php?id=99"", ""legacy_parentrec"": 1621, ""legacy_department"": 1, ""legacy_levelvisits"": 0, ""legacy_livehelp_id"": 1, ""legacy_directvisits"": 0}",0,0
116,1,1,http://lupopedia.com,lupopedia.com,,20260113,13,1,"{""legacy_pageurl"": ""http://lupopedia.com"", ""legacy_parentrec"": 0, ""legacy_department"": 1, ""legacy_levelvisits"": 10, ""legacy_livehelp_id"": 1, ""legacy_directvisits"": 3}",0,0
117,1,1,http://lupopedia.com/support.php,lupopedia.com,/support.php,20260113,2,2,"{""legacy_pageurl"": ""http://lupopedia.com/support.php"", ""legacy_parentrec"": 1623, ""legacy_department"": 1, ""legacy_levelvisits"": 1, ""legacy_livehelp_id"": 1, ""legacy_directvisits"": 1}",0,0
118,1,1,http://lupopedia.com/support.php?v=3.7.5&d=&h=www.abol.us,lupopedia.com,/support.php?v=3.7.5&d=&h=www.abol.us,20260113,0,3,"{""legacy_pageurl"": ""http://lupopedia.com/support.php?v=3.7.5&d=&h=www.abol.us"", ""legacy_parentrec"": 1624, ""legacy_department"": 1, ""legacy_levelvisits"": 0, ""legacy_livehelp_id"": 1, ""legacy_directvisits"": 0}",0,0
119,1,1,http://lupopedia.com/craftysyntax,lupopedia.com,/craftysyntax,20260113,9,2,"{""legacy_pageurl"": ""http://lupopedia.com/craftysyntax"", ""legacy_parentrec"": 1623, ""legacy_department"": 1, ""legacy_levelvisits"": 5, ""legacy_livehelp_id"": 1, ""legacy_directvisits"": 4}",0,0
120,1,1,http://lupopedia.com/craftysyntax/#legacy,lupopedia.com,/craftysyntax/#legacy,20260113,2,3,"{""legacy_pageurl"": ""http://lupopedia.com/craftysyntax/#legacy"", ""legacy_parentrec"": 1626, ""legacy_department"": 1, ""legacy_levelvisits"": 1, ""legacy_livehelp_id"": 1, ""legacy_directvisits"": 1}",0,0
121,1,1,http://lupopedia.com/goopers,lupopedia.com,/goopers,20260113,2,2,"{""legacy_pageurl"": ""http://lupopedia.com/goopers"", ""legacy_parentrec"": 1623, ""legacy_department"": 1, ""legacy_levelvisits"": 1, ""legacy_livehelp_id"": 1, ""legacy_directvisits"": 1}",0,0
122,1,1,http://lupopedia.com,lupopedia.com,,20260114,33,1,"{""legacy_pageurl"": ""http://lupopedia.com"", ""legacy_parentrec"": 0, ""legacy_department"": 1, ""legacy_levelvisits"": 23, ""legacy_livehelp_id"": 1, ""legacy_directvisits"": 10}",0,0
123,1,1,http://lupopedia.com/craftysyntax,lupopedia.com,/craftysyntax,20260114,6,2,"{""legacy_pageurl"": ""http://lupopedia.com/craftysyntax"", ""legacy_parentrec"": 1629, ""legacy_department"": 1, ""legacy_levelvisits"": 3, ""legacy_livehelp_id"": 1, ""legacy_directvisits"": 3}",0,0
124,1,1,http://collaborativepages.com,collaborativepages.com,,20260114,4,1,"{""legacy_pageurl"": ""http://collaborativepages.com"", ""legacy_parentrec"": 0, ""legacy_department"": 1, ""legacy_levelvisits"": 4, ""legacy_livehelp_id"": 1, ""legacy_directvisits"": 0}",0,0
125,1,1,http://collaborativepages.com/officehours.php,collaborativepages.com,/officehours.php,20260114,2,2,"{""legacy_pageurl"": ""http://collaborativepages.com/officehours.php"", ""legacy_parentrec"": 1631, ""legacy_department"": 1, ""legacy_levelvisits"": 1, ""legacy_livehelp_id"": 1, ""legacy_directvisits"": 1}",0,0
126,1,1,http://lupopedia.com/agent_profile.php,lupopedia.com,/agent_profile.php,20260114,10,2,"{""legacy_pageurl"": ""http://lupopedia.com/agent_profile.php"", ""legacy_parentrec"": 1629, ""legacy_department"": 1, ""legacy_levelvisits"": 5, ""legacy_livehelp_id"": 1, ""legacy_directvisits"": 5}",0,0
127,1,1,http://lupopedia.com/agent_profile.php?id=76,lupopedia.com,/agent_profile.php?id=76,20260114,0,3,"{""legacy_pageurl"": ""http://lupopedia.com/agent_profile.php?id=76"", ""legacy_parentrec"": 1633, ""legacy_department"": 1, ""legacy_levelvisits"": 0, ""legacy_livehelp_id"": 1, ""legacy_directvisits"": 0}",0,0
128,1,1,http://lupopedia.com/agent_profile.php?id=99,lupopedia.com,/agent_profile.php?id=99,20260114,0,3,"{""legacy_pageurl"": ""http://lupopedia.com/agent_profile.php?id=99"", ""legacy_parentrec"": 1633, ""legacy_department"": 1, ""legacy_levelvisits"": 0, ""legacy_livehelp_id"": 1, ""legacy_directvisits"": 0}",0,0
129,1,1,http://lupopedia.com/agent_profile.php?id=100,lupopedia.com,/agent_profile.php?id=100,20260114,0,3,"{""legacy_pageurl"": ""http://lupopedia.com/agent_profile.php?id=100"", ""legacy_parentrec"": 1633, ""legacy_department"": 1, ""legacy_levelvisits"": 0, ""legacy_livehelp_id"": 1, ""legacy_directvisits"": 0}",0,0
130,1,1,http://lupopedia.com/officehours.php,lupopedia.com,/officehours.php,20260114,2,2,"{""legacy_pageurl"": ""http://lupopedia.com/officehours.php"", ""legacy_parentrec"": 1629, ""legacy_department"": 1, ""legacy_levelvisits"": 1, ""legacy_livehelp_id"": 1, ""legacy_directvisits"": 1}",0,0
131,1,1,http://collaborativepages.com/terms.php,collaborativepages.com,/terms.php,20260114,2,2,"{""legacy_pageurl"": ""http://collaborativepages.com/terms.php"", ""legacy_parentrec"": 1631, ""legacy_department"": 1, ""legacy_levelvisits"": 1, ""legacy_livehelp_id"": 1, ""legacy_directvisits"": 1}",0,0
132,1,1,http://collaborativepages.com/questions.php,collaborativepages.com,/questions.php,20260114,2,2,"{""legacy_pageurl"": ""http://collaborativepages.com/questions.php"", ""legacy_parentrec"": 1631, ""legacy_department"": 1, ""legacy_levelvisits"": 1, ""legacy_livehelp_id"": 1, ""legacy_directvisits"": 1}",0,0
133,1,1,http://collaborativepages.com/content.php,collaborativepages.com,/content.php,20260114,2,2,"{""legacy_pageurl"": ""http://collaborativepages.com/content.php"", ""legacy_parentrec"": 1631, ""legacy_department"": 1, ""legacy_levelvisits"": 1, ""legacy_livehelp_id"": 1, ""legacy_directvisits"": 1}",0,0
134,1,1,http://lupopedia.com/agents.php,lupopedia.com,/agents.php,20260114,6,2,"{""legacy_pageurl"": ""http://lupopedia.com/agents.php"", ""legacy_parentrec"": 1629, ""legacy_department"": 1, ""legacy_levelvisits"": 3, ""legacy_livehelp_id"": 1, ""legacy_directvisits"": 3}",0,0
135,1,1,http://lupopedia.com/agent_profile.php?id=10,lupopedia.com,/agent_profile.php?id=10,20260114,0,3,"{""legacy_pageurl"": ""http://lupopedia.com/agent_profile.php?id=10"", ""legacy_parentrec"": 1633, ""legacy_department"": 1, ""legacy_levelvisits"": 0, ""legacy_livehelp_id"": 1, ""legacy_directvisits"": 0}",0,0
136,1,1,http://lupopedia.com/agent_profile.php?id=82,lupopedia.com,/agent_profile.php?id=82,20260114,0,3,"{""legacy_pageurl"": ""http://lupopedia.com/agent_profile.php?id=82"", ""legacy_parentrec"": 1633, ""legacy_department"": 1, ""legacy_levelvisits"": 0, ""legacy_livehelp_id"": 1, ""legacy_directvisits"": 0}",0,0
137,1,1,http://lupopedia.com/content.php,lupopedia.com,/content.php,20260114,2,2,"{""legacy_pageurl"": ""http://lupopedia.com/content.php"", ""legacy_parentrec"": 1629, ""legacy_department"": 1, ""legacy_levelvisits"": 1, ""legacy_livehelp_id"": 1, ""legacy_directvisits"": 1}",0,0
138,1,1,http://lupopedia.com/content.php?id=1&referingtable=sot_do&refering_id=1,lupopedia.com,/content.php?id=1&referingtable=sot_do&refering_id=1,20260114,0,3,"{""legacy_pageurl"": ""http://lupopedia.com/content.php?id=1&referingtable=sot_do&refering_id=1"", ""legacy_parentrec"": 1644, ""legacy_department"": 1, ""legacy_levelvisits"": 0, ""legacy_livehelp_id"": 1, ""legacy_directvisits"": 0}",0,0
139,1,1,http://lupopedia.com,lupopedia.com,,20260115,54,1,"{""legacy_pageurl"": ""http://lupopedia.com"", ""legacy_parentrec"": 0, ""legacy_department"": 1, ""legacy_levelvisits"": 38, ""legacy_livehelp_id"": 1, ""legacy_directvisits"": 16}",0,0
140,1,1,http://lupopedia.com/agents.php,lupopedia.com,/agents.php,20260115,8,2,"{""legacy_pageurl"": ""http://lupopedia.com/agents.php"", ""legacy_parentrec"": 1646, ""legacy_department"": 1, ""legacy_levelvisits"": 4, ""legacy_livehelp_id"": 1, ""legacy_directvisits"": 4}",0,0
141,1,1,http://collaborativepages.com,collaborativepages.com,,20260115,4,1,"{""legacy_pageurl"": ""http://collaborativepages.com"", ""legacy_parentrec"": 0, ""legacy_department"": 1, ""legacy_levelvisits"": 3, ""legacy_livehelp_id"": 1, ""legacy_directvisits"": 1}",0,0
142,1,1,http://collaborativepages.com/what_are_wolfie_headers.php,collaborativepages.com,/what_are_wolfie_headers.php,20260115,2,2,"{""legacy_pageurl"": ""http://collaborativepages.com/what_are_wolfie_headers.php"", ""legacy_parentrec"": 1648, ""legacy_department"": 1, ""legacy_levelvisits"": 1, ""legacy_livehelp_id"": 1, ""legacy_directvisits"": 1}",0,0
143,1,1,http://lupopedia.com/agent_profile.php,lupopedia.com,/agent_profile.php,20260115,2,2,"{""legacy_pageurl"": ""http://lupopedia.com/agent_profile.php"", ""legacy_parentrec"": 1646, ""legacy_department"": 1, ""legacy_levelvisits"": 1, ""legacy_livehelp_id"": 1, ""legacy_directvisits"": 1}",0,0
144,1,1,http://lupopedia.com/agent_profile.php?id=8,lupopedia.com,/agent_profile.php?id=8,20260115,0,3,"{""legacy_pageurl"": ""http://lupopedia.com/agent_profile.php?id=8"", ""legacy_parentrec"": 1650, ""legacy_department"": 1, ""legacy_levelvisits"": 0, ""legacy_livehelp_id"": 1, ""legacy_directvisits"": 0}",0,0
145,1,1,http://lupopedia.com/account.php,lupopedia.com,/account.php,20260115,2,2,"{""legacy_pageurl"": ""http://lupopedia.com/account.php"", ""legacy_parentrec"": 1646, ""legacy_department"": 1, ""legacy_levelvisits"": 1, ""legacy_livehelp_id"": 1, ""legacy_directvisits"": 1}",0,0
146,1,1,http://lupopedia.com/account.php?v=3.7.3&d=&h=syntax.storage.consulting,lupopedia.com,/account.php?v=3.7.3&d=&h=syntax.storage.consulting,20260115,0,3,"{""legacy_pageurl"": ""http://lupopedia.com/account.php?v=3.7.3&d=&h=syntax.storage.consulting"", ""legacy_parentrec"": 1652, ""legacy_department"": 1, ""legacy_levelvisits"": 0, ""legacy_livehelp_id"": 1, ""legacy_directvisits"": 0}",0,0
147,1,1,http://collaborativepages.com/agents.php,collaborativepages.com,/agents.php,20260115,2,2,"{""legacy_pageurl"": ""http://collaborativepages.com/agents.php"", ""legacy_parentrec"": 1648, ""legacy_department"": 1, ""legacy_levelvisits"": 1, ""legacy_livehelp_id"": 1, ""legacy_directvisits"": 1}",0,0
148,1,1,http://lupopedia.com/support.php,lupopedia.com,/support.php,20260115,2,2,"{""legacy_pageurl"": ""http://lupopedia.com/support.php"", ""legacy_parentrec"": 1646, ""legacy_department"": 1, ""legacy_levelvisits"": 1, ""legacy_livehelp_id"": 1, ""legacy_directvisits"": 1}",0,0
149,1,1,http://lupopedia.com/questions.php,lupopedia.com,/questions.php,20260115,2,2,"{""legacy_pageurl"": ""http://lupopedia.com/questions.php"", ""legacy_parentrec"": 1646, ""legacy_department"": 1, ""legacy_levelvisits"": 1, ""legacy_livehelp_id"": 1, ""legacy_directvisits"": 1}",0,0
150,1,1,http://lupopedia.com/search.php,lupopedia.com,/search.php,20260115,2,2,"{""legacy_pageurl"": ""http://lupopedia.com/search.php"", ""legacy_parentrec"": 1646, ""legacy_department"": 1, ""legacy_levelvisits"": 1, ""legacy_livehelp_id"": 1, ""legacy_directvisits"": 1}",0,0
151,1,1,http://lupopedia.com/index.php,lupopedia.com,/index.php,20260115,2,2,"{""legacy_pageurl"": ""http://lupopedia.com/index.php"", ""legacy_parentrec"": 1646, ""legacy_department"": 1, ""legacy_levelvisits"": 1, ""legacy_livehelp_id"": 1, ""legacy_directvisits"": 1}",0,0
152,1,1,http://lupopedia.com/craftysyntax,lupopedia.com,/craftysyntax,20260115,10,2,"{""legacy_pageurl"": ""http://lupopedia.com/craftysyntax"", ""legacy_parentrec"": 1646, ""legacy_department"": 1, ""legacy_levelvisits"": 5, ""legacy_livehelp_id"": 1, ""legacy_directvisits"": 5}",0,0
153,1,1,http://lupopedia.com/temporary_index.html,lupopedia.com,/temporary_index.html,20260115,8,2,"{""legacy_pageurl"": ""http://lupopedia.com/temporary_index.html"", ""legacy_parentrec"": 1646, ""legacy_department"": 1, ""legacy_levelvisits"": 4, ""legacy_livehelp_id"": 1, ""legacy_directvisits"": 4}",0,0
154,1,1,http://lupopedia.com/temporary_index.html#start-here,lupopedia.com,/temporary_index.html#start-here,20260115,2,2,"{""legacy_pageurl"": ""http://lupopedia.com/temporary_index.html#start-here"", ""legacy_parentrec"": 1646, ""legacy_department"": 1, ""legacy_levelvisits"": 1, ""legacy_livehelp_id"": 1, ""legacy_directvisits"": 1}",0,0
155,1,1,http://lupopedia.com/#start-here,lupopedia.com,/#start-here,20260115,2,2,"{""legacy_pageurl"": ""http://lupopedia.com/#start-here"", ""legacy_parentrec"": 1646, ""legacy_department"": 1, ""legacy_levelvisits"": 1, ""legacy_livehelp_id"": 1, ""legacy_directvisits"": 1}",0,0
156,1,1,http://lupopedia.com/#why-matters-ai,lupopedia.com,/#why-matters-ai,20260115,2,2,"{""legacy_pageurl"": ""http://lupopedia.com/#why-matters-ai"", ""legacy_parentrec"": 1646, ""legacy_department"": 1, ""legacy_levelvisits"": 1, ""legacy_livehelp_id"": 1, ""legacy_directvisits"": 1}",0,0
157,1,1,http://lupopedia.com,lupopedia.com,,20260116,5,1,"{""legacy_pageurl"": ""http://lupopedia.com"", ""legacy_parentrec"": 0, ""legacy_department"": 1, ""legacy_levelvisits"": 4, ""legacy_livehelp_id"": 1, ""legacy_directvisits"": 1}",0,0
158,1,1,http://lupopedia.com/agents.php,lupopedia.com,/agents.php,20260116,2,2,"{""legacy_pageurl"": ""http://lupopedia.com/agents.php"", ""legacy_parentrec"": 1664, ""legacy_department"": 1, ""legacy_levelvisits"": 1, ""legacy_livehelp_id"": 1, ""legacy_directvisits"": 1}",0,0
159,1,1,http://lupopedia.com/agent_profile.php,lupopedia.com,/agent_profile.php,20260116,2,2,"{""legacy_pageurl"": ""http://lupopedia.com/agent_profile.php"", ""legacy_parentrec"": 1664, ""legacy_department"": 1, ""legacy_levelvisits"": 1, ""legacy_livehelp_id"": 1, ""legacy_directvisits"": 1}",0,0
160,1,1,http://lupopedia.com/agent_profile.php?id=10,lupopedia.com,/agent_profile.php?id=10,20260116,0,3,"{""legacy_pageurl"": ""http://lupopedia.com/agent_profile.php?id=10"", ""legacy_parentrec"": 1666, ""legacy_department"": 1, ""legacy_levelvisits"": 0, ""legacy_livehelp_id"": 1, ""legacy_directvisits"": 0}",0,0
161,1,1,http://lupopedia.com/craftysyntax,lupopedia.com,/craftysyntax,20260116,2,2,"{""legacy_pageurl"": ""http://lupopedia.com/craftysyntax"", ""legacy_parentrec"": 1664, ""legacy_department"": 1, ""legacy_levelvisits"": 1, ""legacy_livehelp_id"": 1, ""legacy_directvisits"": 1}",0,0
162,1,1,http://lupopedia.com,lupopedia.com,,20260117,12,1,"{""legacy_pageurl"": ""http://lupopedia.com"", ""legacy_parentrec"": 0, ""legacy_department"": 1, ""legacy_levelvisits"": 8, ""legacy_livehelp_id"": 1, ""legacy_directvisits"": 4}",0,0
163,1,1,http://lupopedia.com/craftysyntax,lupopedia.com,/craftysyntax,20260117,4,2,"{""legacy_pageurl"": ""http://lupopedia.com/craftysyntax"", ""legacy_parentrec"": 1669, ""legacy_department"": 1, ""legacy_levelvisits"": 2, ""legacy_livehelp_id"": 1, ""legacy_directvisits"": 2}",0,0
164,1,1,http://lupopedia.com/agents.php,lupopedia.com,/agents.php,20260117,2,2,"{""legacy_pageurl"": ""http://lupopedia.com/agents.php"", ""legacy_parentrec"": 1669, ""legacy_department"": 1, ""legacy_levelvisits"": 1, ""legacy_livehelp_id"": 1, ""legacy_directvisits"": 1}",0,0
165,1,1,http://lupopedia.com/agent_profile.php,lupopedia.com,/agent_profile.php,20260117,2,2,"{""legacy_pageurl"": ""http://lupopedia.com/agent_profile.php"", ""legacy_parentrec"": 1669, ""legacy_department"": 1, ""legacy_levelvisits"": 1, ""legacy_livehelp_id"": 1, ""legacy_directvisits"": 1}",0,0
166,1,1,http://lupopedia.com/agent_profile.php?id=100,lupopedia.com,/agent_profile.php?id=100,20260117,0,3,"{""legacy_pageurl"": ""http://lupopedia.com/agent_profile.php?id=100"", ""legacy_parentrec"": 1672, ""legacy_department"": 1, ""legacy_levelvisits"": 0, ""legacy_livehelp_id"": 1, ""legacy_directvisits"": 0}",0,0
167,1,1,http://collaborativepages.com,collaborativepages.com,,20260119,2,1,"{""legacy_pageurl"": ""http://collaborativepages.com"", ""legacy_parentrec"": 0, ""legacy_department"": 1, ""legacy_levelvisits"": 1, ""legacy_livehelp_id"": 1, ""legacy_directvisits"": 1}",0,0
168,1,1,http://lupopedia.com,lupopedia.com,,20260119,26,1,"{""legacy_pageurl"": ""http://lupopedia.com"", ""legacy_parentrec"": 0, ""legacy_department"": 1, ""legacy_levelvisits"": 18, ""legacy_livehelp_id"": 1, ""legacy_directvisits"": 8}",0,0
169,1,1,http://lupopedia.com/craftysyntax,lupopedia.com,/craftysyntax,20260119,10,2,"{""legacy_pageurl"": ""http://lupopedia.com/craftysyntax"", ""legacy_parentrec"": 1675, ""legacy_department"": 1, ""legacy_levelvisits"": 5, ""legacy_livehelp_id"": 1, ""legacy_directvisits"": 5}",0,0
170,1,1,http://lupopedia.com/agents.php,lupopedia.com,/agents.php,20260119,8,2,"{""legacy_pageurl"": ""http://lupopedia.com/agents.php"", ""legacy_parentrec"": 1675, ""legacy_department"": 1, ""legacy_levelvisits"": 4, ""legacy_livehelp_id"": 1, ""legacy_directvisits"": 4}",0,0
171,1,1,http://lupopedia.com/agent_profile.php,lupopedia.com,/agent_profile.php,20260119,2,2,"{""legacy_pageurl"": ""http://lupopedia.com/agent_profile.php"", ""legacy_parentrec"": 1675, ""legacy_department"": 1, ""legacy_levelvisits"": 1, ""legacy_livehelp_id"": 1, ""legacy_directvisits"": 1}",0,0
172,1,1,http://lupopedia.com/agent_profile.php?id=28,lupopedia.com,/agent_profile.php?id=28,20260119,0,3,"{""legacy_pageurl"": ""http://lupopedia.com/agent_profile.php?id=28"", ""legacy_parentrec"": 1678, ""legacy_department"": 1, ""legacy_levelvisits"": 0, ""legacy_livehelp_id"": 1, ""legacy_directvisits"": 0}",0,0
173,1,1,http://lupopedia.com,lupopedia.com,,20260120,13,1,"{""legacy_pageurl"": ""http://lupopedia.com"", ""legacy_parentrec"": 0, ""legacy_department"": 1, ""legacy_levelvisits"": 8, ""legacy_livehelp_id"": 1, ""legacy_directvisits"": 5}",0,0
174,1,1,http://lupopedia.com/craftysyntax,lupopedia.com,/craftysyntax,20260120,4,2,"{""legacy_pageurl"": ""http://lupopedia.com/craftysyntax"", ""legacy_parentrec"": 1680, ""legacy_department"": 1, ""legacy_levelvisits"": 2, ""legacy_livehelp_id"": 1, ""legacy_directvisits"": 2}",0,0
175,1,1,http://lupopedia.com/agents.php,lupopedia.com,/agents.php,20260120,2,2,"{""legacy_pageurl"": ""http://lupopedia.com/agents.php"", ""legacy_parentrec"": 1680, ""legacy_department"": 1, ""legacy_levelvisits"": 1, ""legacy_livehelp_id"": 1, ""legacy_directvisits"": 1}",0,0
176,1,1,http://collaborativepages.com,collaborativepages.com,,20260121,1,1,"{""legacy_pageurl"": ""http://collaborativepages.com"", ""legacy_parentrec"": 0, ""legacy_department"": 1, ""legacy_levelvisits"": 1, ""legacy_livehelp_id"": 1, ""legacy_directvisits"": 0}",0,0
177,1,1,http://collaborativepages.com/browse_collections.php,collaborativepages.com,/browse_collections.php,20260121,2,2,"{""legacy_pageurl"": ""http://collaborativepages.com/browse_collections.php"", ""legacy_parentrec"": 1683, ""legacy_department"": 1, ""legacy_levelvisits"": 1, ""legacy_livehelp_id"": 1, ""legacy_directvisits"": 1}",0,0
178,1,1,http://collaborativepages.com/browse_collections.php?tab=featured,collaborativepages.com,/browse_collections.php?tab=featured,20260121,0,3,"{""legacy_pageurl"": ""http://collaborativepages.com/browse_collections.php?tab=featured"", ""legacy_parentrec"": 1684, ""legacy_department"": 1, ""legacy_levelvisits"": 0, ""legacy_livehelp_id"": 1, ""legacy_directvisits"": 0}",0,0
179,1,1,http://lupopedia.com,lupopedia.com,,20260121,13,1,"{""legacy_pageurl"": ""http://lupopedia.com"", ""legacy_parentrec"": 0, ""legacy_department"": 1, ""legacy_levelvisits"": 10, ""legacy_livehelp_id"": 1, ""legacy_directvisits"": 3}",0,0
180,1,1,http://lupopedia.com/craftysyntax,lupopedia.com,/craftysyntax,20260121,4,2,"{""legacy_pageurl"": ""http://lupopedia.com/craftysyntax"", ""legacy_parentrec"": 1686, ""legacy_department"": 1, ""legacy_levelvisits"": 2, ""legacy_livehelp_id"": 1, ""legacy_directvisits"": 2}",0,0
181,1,1,http://lupopedia.com/messages.php,lupopedia.com,/messages.php,20260121,2,2,"{""legacy_pageurl"": ""http://lupopedia.com/messages.php"", ""legacy_parentrec"": 1686, ""legacy_department"": 1, ""legacy_levelvisits"": 1, ""legacy_livehelp_id"": 1, ""legacy_directvisits"": 1}",0,0
182,1,1,http://lupopedia.com/browse_collections.php,lupopedia.com,/browse_collections.php,20260121,2,2,"{""legacy_pageurl"": ""http://lupopedia.com/browse_collections.php"", ""legacy_parentrec"": 1686, ""legacy_department"": 1, ""legacy_levelvisits"": 1, ""legacy_livehelp_id"": 1, ""legacy_directvisits"": 1}",0,0
183,1,1,http://lupopedia.com/agents.php,lupopedia.com,/agents.php,20260121,2,2,"{""legacy_pageurl"": ""http://lupopedia.com/agents.php"", ""legacy_parentrec"": 1686, ""legacy_department"": 1, ""legacy_levelvisits"": 1, ""legacy_livehelp_id"": 1, ""legacy_directvisits"": 1}",0,0
184,1,1,http://lupopedia.com/events.php,lupopedia.com,/events.php,20260121,2,2,"{""legacy_pageurl"": ""http://lupopedia.com/events.php"", ""legacy_parentrec"": 1686, ""legacy_department"": 1, ""legacy_levelvisits"": 1, ""legacy_livehelp_id"": 1, ""legacy_directvisits"": 1}",0,0
185,1,1,http://lupopedia.com/events.php?content_id=1,lupopedia.com,/events.php?content_id=1,20260121,0,3,"{""legacy_pageurl"": ""http://lupopedia.com/events.php?content_id=1"", ""legacy_parentrec"": 1691, ""legacy_department"": 1, ""legacy_levelvisits"": 0, ""legacy_livehelp_id"": 1, ""legacy_directvisits"": 0}",0,0
186,1,1,http://lupopedia.com/agent_profile.php,lupopedia.com,/agent_profile.php,20260121,2,2,"{""legacy_pageurl"": ""http://lupopedia.com/agent_profile.php"", ""legacy_parentrec"": 1686, ""legacy_department"": 1, ""legacy_levelvisits"": 1, ""legacy_livehelp_id"": 1, ""legacy_directvisits"": 1}",0,0
187,1,1,http://lupopedia.com/agent_profile.php?id=57,lupopedia.com,/agent_profile.php?id=57,20260121,0,3,"{""legacy_pageurl"": ""http://lupopedia.com/agent_profile.php?id=57"", ""legacy_parentrec"": 1693, ""legacy_department"": 1, ""legacy_levelvisits"": 0, ""legacy_livehelp_id"": 1, ""legacy_directvisits"": 0}",0,0
188,1,1,http://lupopedia.com,lupopedia.com,,20260122,19,1,"{""legacy_pageurl"": ""http://lupopedia.com"", ""legacy_parentrec"": 0, ""legacy_department"": 1, ""legacy_levelvisits"": 16, ""legacy_livehelp_id"": 1, ""legacy_directvisits"": 3}",0,0
189,1,1,http://lupopedia.com/support.php,lupopedia.com,/support.php,20260122,2,2,"{""legacy_pageurl"": ""http://lupopedia.com/support.php"", ""legacy_parentrec"": 1695, ""legacy_department"": 1, ""legacy_levelvisits"": 1, ""legacy_livehelp_id"": 1, ""legacy_directvisits"": 1}",0,0
190,1,1,http://lupopedia.com/officehours.php,lupopedia.com,/officehours.php,20260122,2,2,"{""legacy_pageurl"": ""http://lupopedia.com/officehours.php"", ""legacy_parentrec"": 1695, ""legacy_department"": 1, ""legacy_levelvisits"": 1, ""legacy_livehelp_id"": 1, ""legacy_directvisits"": 1}",0,0
191,1,1,http://lupopedia.com/#crafty-syntax-return,lupopedia.com,/#crafty-syntax-return,20260122,2,2,"{""legacy_pageurl"": ""http://lupopedia.com/#crafty-syntax-return"", ""legacy_parentrec"": 1695, ""legacy_department"": 1, ""legacy_levelvisits"": 1, ""legacy_livehelp_id"": 1, ""legacy_directvisits"": 1}",0,0
192,1,1,http://lupopedia.com/craftysyntax,lupopedia.com,/craftysyntax,20260122,9,2,"{""legacy_pageurl"": ""http://lupopedia.com/craftysyntax"", ""legacy_parentrec"": 1695, ""legacy_department"": 1, ""legacy_levelvisits"": 5, ""legacy_livehelp_id"": 1, ""legacy_directvisits"": 4}",0,0
193,1,1,http://lupopedia.com/craftysyntax/#news,lupopedia.com,/craftysyntax/#news,20260122,2,3,"{""legacy_pageurl"": ""http://lupopedia.com/craftysyntax/#news"", ""legacy_parentrec"": 1699, ""legacy_department"": 1, ""legacy_levelvisits"": 1, ""legacy_livehelp_id"": 1, ""legacy_directvisits"": 1}",0,0
194,1,1,http://lupopedia.com/index.php,lupopedia.com,/index.php,20260122,2,2,"{""legacy_pageurl"": ""http://lupopedia.com/index.php"", ""legacy_parentrec"": 1695, ""legacy_department"": 1, ""legacy_levelvisits"": 1, ""legacy_livehelp_id"": 1, ""legacy_directvisits"": 1}",0,0
195,1,1,http://lupopedia.com/index.html,lupopedia.com,/index.html,20260122,2,2,"{""legacy_pageurl"": ""http://lupopedia.com/index.html"", ""legacy_parentrec"": 1695, ""legacy_department"": 1, ""legacy_levelvisits"": 1, ""legacy_livehelp_id"": 1, ""legacy_directvisits"": 1}",0,0
196,1,1,http://lupopedia.com/#tldr-section,lupopedia.com,/#tldr-section,20260122,2,2,"{""legacy_pageurl"": ""http://lupopedia.com/#tldr-section"", ""legacy_parentrec"": 1695, ""legacy_department"": 1, ""legacy_levelvisits"": 1, ""legacy_livehelp_id"": 1, ""legacy_directvisits"": 1}",0,0
197,1,1,http://lupopedia.com/#start-here,lupopedia.com,/#start-here,20260122,2,2,"{""legacy_pageurl"": ""http://lupopedia.com/#start-here"", ""legacy_parentrec"": 1695, ""legacy_department"": 1, ""legacy_levelvisits"": 1, ""legacy_livehelp_id"": 1, ""legacy_directvisits"": 1}",0,0
198,1,1,http://lupopedia.com/agents.php,lupopedia.com,/agents.php,20260122,2,2,"{""legacy_pageurl"": ""http://lupopedia.com/agents.php"", ""legacy_parentrec"": 1695, ""legacy_department"": 1, ""legacy_levelvisits"": 1, ""legacy_livehelp_id"": 1, ""legacy_directvisits"": 1}",0,0
199,1,1,http://lupopedia.com,lupopedia.com,,20260124,9,1,"{""legacy_pageurl"": ""http://lupopedia.com"", ""legacy_parentrec"": 0, ""legacy_department"": 1, ""legacy_levelvisits"": 6, ""legacy_livehelp_id"": 1, ""legacy_directvisits"": 3}",0,0
200,1,1,http://lupopedia.com/craftysyntax,lupopedia.com,/craftysyntax,20260124,6,2,"{""legacy_pageurl"": ""http://lupopedia.com/craftysyntax"", ""legacy_parentrec"": 1706, ""legacy_department"": 1, ""legacy_levelvisits"": 3, ""legacy_livehelp_id"": 1, ""legacy_directvisits"": 3}",0,0
201,1,1,http://lupopedia.com?utm_source=poweredby&utm_campaign=poweredby,lupopedia.com?utm_source=poweredby&utm_campaign=poweredby,,20260124,0,2,"{""legacy_pageurl"": ""http://lupopedia.com?utm_source=poweredby&utm_campaign=poweredby"", ""legacy_parentrec"": 1706, ""legacy_department"": 1, ""legacy_levelvisits"": 0, ""legacy_livehelp_id"": 1, ""legacy_directvisits"": 0}",0,0
202,1,1,http://collaborativepages.com,collaborativepages.com,,20260124,2,1,"{""legacy_pageurl"": ""http://collaborativepages.com"", ""legacy_parentrec"": 0, ""legacy_department"": 1, ""legacy_levelvisits"": 1, ""legacy_livehelp_id"": 1, ""legacy_directvisits"": 1}",0,0
203,1,1,http://collaborativepages.com,collaborativepages.com,,20260125,2,1,"{""legacy_pageurl"": ""http://collaborativepages.com"", ""legacy_parentrec"": 0, ""legacy_department"": 1, ""legacy_levelvisits"": 1, ""legacy_livehelp_id"": 1, ""legacy_directvisits"": 1}",0,0
204,1,1,http://lupopedia.com,lupopedia.com,,20260125,4,1,"{""legacy_pageurl"": ""http://lupopedia.com"", ""legacy_parentrec"": 0, ""legacy_department"": 1, ""legacy_levelvisits"": 3, ""legacy_livehelp_id"": 1, ""legacy_directvisits"": 1}",0,0
205,1,1,http://lupopedia.com/support.php,lupopedia.com,/support.php,20260125,2,2,"{""legacy_pageurl"": ""http://lupopedia.com/support.php"", ""legacy_parentrec"": 1711, ""legacy_department"": 1, ""legacy_levelvisits"": 1, ""legacy_livehelp_id"": 1, ""legacy_directvisits"": 1}",0,0
206,1,1,http://lupopedia.com/craftysyntax,lupopedia.com,/craftysyntax,20260125,2,2,"{""legacy_pageurl"": ""http://lupopedia.com/craftysyntax"", ""legacy_parentrec"": 1711, ""legacy_department"": 1, ""legacy_levelvisits"": 1, ""legacy_livehelp_id"": 1, ""legacy_directvisits"": 1}",0,0
207,1,1,http://lupopedia.com,lupopedia.com,,20260126,12,1,"{""legacy_pageurl"": ""http://lupopedia.com"", ""legacy_parentrec"": 0, ""legacy_department"": 1, ""legacy_levelvisits"": 9, ""legacy_livehelp_id"": 1, ""legacy_directvisits"": 3}",0,0
208,1,1,http://lupopedia.com/craftysyntax,lupopedia.com,/craftysyntax,20260126,7,2,"{""legacy_pageurl"": ""http://lupopedia.com/craftysyntax"", ""legacy_parentrec"": 1714, ""legacy_department"": 1, ""legacy_levelvisits"": 4, ""legacy_livehelp_id"": 1, ""legacy_directvisits"": 3}",0,0
209,1,1,http://collaborativepages.com,collaborativepages.com,,20260126,2,1,"{""legacy_pageurl"": ""http://collaborativepages.com"", ""legacy_parentrec"": 0, ""legacy_department"": 1, ""legacy_levelvisits"": 1, ""legacy_livehelp_id"": 1, ""legacy_directvisits"": 1}",0,0
210,1,1,http://lupopedia.com/craftysyntax/#news,lupopedia.com,/craftysyntax/#news,20260126,2,3,"{""legacy_pageurl"": ""http://lupopedia.com/craftysyntax/#news"", ""legacy_parentrec"": 1715, ""legacy_department"": 1, ""legacy_levelvisits"": 1, ""legacy_livehelp_id"": 1, ""legacy_directvisits"": 1}",0,0
211,1,1,http://lupopedia.com/#tldr-section,lupopedia.com,/#tldr-section,20260126,2,2,"{""legacy_pageurl"": ""http://lupopedia.com/#tldr-section"", ""legacy_parentrec"": 1714, ""legacy_department"": 1, ""legacy_levelvisits"": 1, ""legacy_livehelp_id"": 1, ""legacy_directvisits"": 1}",0,0
212,1,1,http://lupopedia.com/agents.php,lupopedia.com,/agents.php,20260126,2,2,"{""legacy_pageurl"": ""http://lupopedia.com/agents.php"", ""legacy_parentrec"": 1714, ""legacy_department"": 1, ""legacy_levelvisits"": 1, ""legacy_livehelp_id"": 1, ""legacy_directvisits"": 1}",0,0
213,1,1,http://lupopedia.com,lupopedia.com,,20260127,12,1,"{""legacy_pageurl"": ""http://lupopedia.com"", ""legacy_parentrec"": 0, ""legacy_department"": 1, ""legacy_levelvisits"": 9, ""legacy_livehelp_id"": 1, ""legacy_directvisits"": 3}",0,0
214,1,1,http://lupopedia.com/craftysyntax,lupopedia.com,/craftysyntax,20260127,7,2,"{""legacy_pageurl"": ""http://lupopedia.com/craftysyntax"", ""legacy_parentrec"": 1720, ""legacy_department"": 1, ""legacy_levelvisits"": 4, ""legacy_livehelp_id"": 1, ""legacy_directvisits"": 3}",0,0
215,1,1,http://mail.lupopedia.com,mail.lupopedia.com,,20260127,2,1,"{""legacy_pageurl"": ""http://mail.lupopedia.com"", ""legacy_parentrec"": 0, ""legacy_department"": 1, ""legacy_levelvisits"": 1, ""legacy_livehelp_id"": 1, ""legacy_directvisits"": 1}",0,0
216,1,1,http://lupopedia.com/files.php,lupopedia.com,/files.php,20260127,2,2,"{""legacy_pageurl"": ""http://lupopedia.com/files.php"", ""legacy_parentrec"": 1720, ""legacy_department"": 1, ""legacy_levelvisits"": 1, ""legacy_livehelp_id"": 1, ""legacy_directvisits"": 1}",0,0
217,1,1,http://lupopedia.com/index.php,lupopedia.com,/index.php,20260127,2,2,"{""legacy_pageurl"": ""http://lupopedia.com/index.php"", ""legacy_parentrec"": 1720, ""legacy_department"": 1, ""legacy_levelvisits"": 1, ""legacy_livehelp_id"": 1, ""legacy_directvisits"": 1}",0,0
218,1,1,http://lupopedia.com/craftysyntax/craftysyntax_changelog.php,lupopedia.com,/craftysyntax/craftysyntax_changelog.php,20260127,2,3,"{""legacy_pageurl"": ""http://lupopedia.com/craftysyntax/craftysyntax_changelog.php"", ""legacy_parentrec"": 1721, ""legacy_department"": 1, ""legacy_levelvisits"": 1, ""legacy_livehelp_id"": 1, ""legacy_directvisits"": 1}",0,0
219,1,1,http://collaborativepages.com,collaborativepages.com,,20260128,2,1,"{""legacy_pageurl"": ""http://collaborativepages.com"", ""legacy_parentrec"": 0, ""legacy_department"": 1, ""legacy_levelvisits"": 1, ""legacy_livehelp_id"": 1, ""legacy_directvisits"": 1}",0,0
220,1,1,http://lupopedia.com,lupopedia.com,,20260128,2,1,"{""legacy_pageurl"": ""http://lupopedia.com"", ""legacy_parentrec"": 0, ""legacy_department"": 1, ""legacy_levelvisits"": 1, ""legacy_livehelp_id"": 1, ""legacy_directvisits"": 1}",0,0
221,1,1,http://lupopedia.com,lupopedia.com,,20260129,8,1,"{""legacy_pageurl"": ""http://lupopedia.com"", ""legacy_parentrec"": 0, ""legacy_department"": 1, ""legacy_levelvisits"": 7, ""legacy_livehelp_id"": 1, ""legacy_directvisits"": 1}",0,0
222,1,1,http://lupopedia.com/craftysyntax,lupopedia.com,/craftysyntax,20260129,9,2,"{""legacy_pageurl"": ""http://lupopedia.com/craftysyntax"", ""legacy_parentrec"": 1728, ""legacy_department"": 1, ""legacy_levelvisits"": 5, ""legacy_livehelp_id"": 1, ""legacy_directvisits"": 4}",0,0
223,1,1,http://lupopedia.com/support.php,lupopedia.com,/support.php,20260129,2,2,"{""legacy_pageurl"": ""http://lupopedia.com/support.php"", ""legacy_parentrec"": 1728, ""legacy_department"": 1, ""legacy_levelvisits"": 1, ""legacy_livehelp_id"": 1, ""legacy_directvisits"": 1}",0,0
224,1,1,http://collaborativepages.com,collaborativepages.com,,20260129,2,1,"{""legacy_pageurl"": ""http://collaborativepages.com"", ""legacy_parentrec"": 0, ""legacy_department"": 1, ""legacy_levelvisits"": 1, ""legacy_livehelp_id"": 1, ""legacy_directvisits"": 1}",0,0
225,1,1,http://lupopedia.com/craftysyntax/#challenge,lupopedia.com,/craftysyntax/#challenge,20260129,2,3,"{""legacy_pageurl"": ""http://lupopedia.com/craftysyntax/#challenge"", ""legacy_parentrec"": 1729, ""legacy_department"": 1, ""legacy_levelvisits"": 1, ""legacy_livehelp_id"": 1, ""legacy_directvisits"": 1}",0,0
226,1,1,http://lupopedia.com,lupopedia.com,,20260130,14,1,"{""legacy_pageurl"": ""http://lupopedia.com"", ""legacy_parentrec"": 0, ""legacy_department"": 1, ""legacy_levelvisits"": 11, ""legacy_livehelp_id"": 1, ""legacy_directvisits"": 3}",0,0
227,1,1,http://lupopedia.com/craftysyntax_changelog.php,lupopedia.com,/craftysyntax_changelog.php,20260130,2,2,"{""legacy_pageurl"": ""http://lupopedia.com/craftysyntax_changelog.php"", ""legacy_parentrec"": 1733, ""legacy_department"": 1, ""legacy_levelvisits"": 1, ""legacy_livehelp_id"": 1, ""legacy_directvisits"": 1}",0,0
228,1,1,http://lupopedia.com/questions.php,lupopedia.com,/questions.php,20260130,2,2,"{""legacy_pageurl"": ""http://lupopedia.com/questions.php"", ""legacy_parentrec"": 1733, ""legacy_department"": 1, ""legacy_levelvisits"": 1, ""legacy_livehelp_id"": 1, ""legacy_directvisits"": 1}",0,0
229,1,1,http://lupopedia.com/support.php,lupopedia.com,/support.php,20260130,2,2,"{""legacy_pageurl"": ""http://lupopedia.com/support.php"", ""legacy_parentrec"": 1733, ""legacy_department"": 1, ""legacy_levelvisits"": 1, ""legacy_livehelp_id"": 1, ""legacy_directvisits"": 1}",0,0
230,1,1,http://lupopedia.com/login.php,lupopedia.com,/login.php,20260130,2,2,"{""legacy_pageurl"": ""http://lupopedia.com/login.php"", ""legacy_parentrec"": 1733, ""legacy_department"": 1, ""legacy_levelvisits"": 1, ""legacy_livehelp_id"": 1, ""legacy_directvisits"": 1}",0,0
231,1,1,http://lupopedia.com/craftysyntax,lupopedia.com,/craftysyntax,20260130,6,2,"{""legacy_pageurl"": ""http://lupopedia.com/craftysyntax"", ""legacy_parentrec"": 1733, ""legacy_department"": 1, ""legacy_levelvisits"": 3, ""legacy_livehelp_id"": 1, ""legacy_directvisits"": 3}",0,0
232,1,1,http://collaborativepages.com,collaborativepages.com,,20260130,2,1,"{""legacy_pageurl"": ""http://collaborativepages.com"", ""legacy_parentrec"": 0, ""legacy_department"": 1, ""legacy_levelvisits"": 1, ""legacy_livehelp_id"": 1, ""legacy_directvisits"": 1}",0,0
233,1,1,http://lupopedia.com/changelog.php,lupopedia.com,/changelog.php,20260130,2,2,"{""legacy_pageurl"": ""http://lupopedia.com/changelog.php"", ""legacy_parentrec"": 1733, ""legacy_department"": 1, ""legacy_levelvisits"": 1, ""legacy_livehelp_id"": 1, ""legacy_directvisits"": 1}",0,0
234,1,1,http://collaborativepages.com,collaborativepages.com,,20260131,2,1,"{""legacy_pageurl"": ""http://collaborativepages.com"", ""legacy_parentrec"": 0, ""legacy_department"": 1, ""legacy_levelvisits"": 1, ""legacy_livehelp_id"": 1, ""legacy_directvisits"": 1}",0,0
235,1,1,http://lupopedia.com,lupopedia.com,,20260131,7,1,"{""legacy_pageurl"": ""http://lupopedia.com"", ""legacy_parentrec"": 0, ""legacy_department"": 1, ""legacy_levelvisits"": 5, ""legacy_livehelp_id"": 1, ""legacy_directvisits"": 2}",0,0
236,1,1,http://lupopedia.com/craftysyntax,lupopedia.com,/craftysyntax,20260131,2,2,"{""legacy_pageurl"": ""http://lupopedia.com/craftysyntax"", ""legacy_parentrec"": 1742, ""legacy_department"": 1, ""legacy_levelvisits"": 1, ""legacy_livehelp_id"": 1, ""legacy_directvisits"": 1}",0,0
237,1,1,http://lupopedia.com/agent_profile.php,lupopedia.com,/agent_profile.php,20260131,4,2,"{""legacy_pageurl"": ""http://lupopedia.com/agent_profile.php"", ""legacy_parentrec"": 1742, ""legacy_department"": 1, ""legacy_levelvisits"": 2, ""legacy_livehelp_id"": 1, ""legacy_directvisits"": 2}",0,0
238,1,1,http://lupopedia.com/agent_profile.php?id=2,lupopedia.com,/agent_profile.php?id=2,20260131,0,3,"{""legacy_pageurl"": ""http://lupopedia.com/agent_profile.php?id=2"", ""legacy_parentrec"": 1744, ""legacy_department"": 1, ""legacy_levelvisits"": 0, ""legacy_livehelp_id"": 1, ""legacy_directvisits"": 0}",0,0
239,1,1,http://lupopedia.com/agent_profile.php?id=69,lupopedia.com,/agent_profile.php?id=69,20260131,0,3,"{""legacy_pageurl"": ""http://lupopedia.com/agent_profile.php?id=69"", ""legacy_parentrec"": 1744, ""legacy_department"": 1, ""legacy_levelvisits"": 0, ""legacy_livehelp_id"": 1, ""legacy_directvisits"": 0}",0,0
240,1,1,http://lupopedia.com,lupopedia.com,,20260202,24,1,"{""legacy_pageurl"": ""http://lupopedia.com"", ""legacy_parentrec"": 0, ""legacy_department"": 1, ""legacy_levelvisits"": 17, ""legacy_livehelp_id"": 1, ""legacy_directvisits"": 7}",0,0
241,1,1,http://lupopedia.com/craftysyntax,lupopedia.com,/craftysyntax,20260202,11,2,"{""legacy_pageurl"": ""http://lupopedia.com/craftysyntax"", ""legacy_parentrec"": 1747, ""legacy_department"": 1, ""legacy_levelvisits"": 6, ""legacy_livehelp_id"": 1, ""legacy_directvisits"": 5}",0,0
242,1,1,http://lupopedia.com/craftysyntax/craftysyntax_changelog.php,lupopedia.com,/craftysyntax/craftysyntax_changelog.php,20260202,2,3,"{""legacy_pageurl"": ""http://lupopedia.com/craftysyntax/craftysyntax_changelog.php"", ""legacy_parentrec"": 1748, ""legacy_department"": 1, ""legacy_levelvisits"": 1, ""legacy_livehelp_id"": 1, ""legacy_directvisits"": 1}",0,0
243,1,1,http://lupopedia.com/support.php,lupopedia.com,/support.php,20260202,2,2,"{""legacy_pageurl"": ""http://lupopedia.com/support.php"", ""legacy_parentrec"": 1747, ""legacy_department"": 1, ""legacy_levelvisits"": 1, ""legacy_livehelp_id"": 1, ""legacy_directvisits"": 1}",0,0
244,1,1,http://lupopedia.com/agent_profile.php,lupopedia.com,/agent_profile.php,20260202,4,2,"{""legacy_pageurl"": ""http://lupopedia.com/agent_profile.php"", ""legacy_parentrec"": 1747, ""legacy_department"": 1, ""legacy_levelvisits"": 2, ""legacy_livehelp_id"": 1, ""legacy_directvisits"": 2}",0,0
245,1,1,http://lupopedia.com/agent_profile.php?id=8,lupopedia.com,/agent_profile.php?id=8,20260202,0,3,"{""legacy_pageurl"": ""http://lupopedia.com/agent_profile.php?id=8"", ""legacy_parentrec"": 1751, ""legacy_department"": 1, ""legacy_levelvisits"": 0, ""legacy_livehelp_id"": 1, ""legacy_directvisits"": 0}",0,0
246,1,1,http://lupopedia.com/agent_profile.php?id=10,lupopedia.com,/agent_profile.php?id=10,20260202,0,3,"{""legacy_pageurl"": ""http://lupopedia.com/agent_profile.php?id=10"", ""legacy_parentrec"": 1751, ""legacy_department"": 1, ""legacy_levelvisits"": 0, ""legacy_livehelp_id"": 1, ""legacy_directvisits"": 0}",0,0
247,1,1,http://lupopedia.com?utm_source=poweredby&utm_campaign=poweredby,lupopedia.com?utm_source=poweredby&utm_campaign=poweredby,,20260202,0,2,"{""legacy_pageurl"": ""http://lupopedia.com?utm_source=poweredby&utm_campaign=poweredby"", ""legacy_parentrec"": 1747, ""legacy_department"": 1, ""legacy_levelvisits"": 0, ""legacy_livehelp_id"": 1, ""legacy_directvisits"": 0}",0,0
248,1,1,http://lupopedia.com/agents.php,lupopedia.com,/agents.php,20260202,2,2,"{""legacy_pageurl"": ""http://lupopedia.com/agents.php"", ""legacy_parentrec"": 1747, ""legacy_department"": 1, ""legacy_levelvisits"": 1, ""legacy_livehelp_id"": 1, ""legacy_directvisits"": 1}",0,0
249,1,1,http://collaborativepages.com,collaborativepages.com,,20260203,3,1,"{""legacy_pageurl"": ""http://collaborativepages.com"", ""legacy_parentrec"": 0, ""legacy_department"": 1, ""legacy_levelvisits"": 2, ""legacy_livehelp_id"": 1, ""legacy_directvisits"": 1}",0,0
250,1,1,http://lupopedia.com,lupopedia.com,,20260203,16,1,"{""legacy_pageurl"": ""http://lupopedia.com"", ""legacy_parentrec"": 0, ""legacy_department"": 1, ""legacy_levelvisits"": 12, ""legacy_livehelp_id"": 1, ""legacy_directvisits"": 4}",0,0
251,1,1,http://lupopedia.com/agent_profile.php,lupopedia.com,/agent_profile.php,20260203,4,2,"{""legacy_pageurl"": ""http://lupopedia.com/agent_profile.php"", ""legacy_parentrec"": 1757, ""legacy_department"": 1, ""legacy_levelvisits"": 2, ""legacy_livehelp_id"": 1, ""legacy_directvisits"": 2}",0,0
252,1,1,http://lupopedia.com/agent_profile.php?id=16,lupopedia.com,/agent_profile.php?id=16,20260203,0,3,"{""legacy_pageurl"": ""http://lupopedia.com/agent_profile.php?id=16"", ""legacy_parentrec"": 1758, ""legacy_department"": 1, ""legacy_levelvisits"": 0, ""legacy_livehelp_id"": 1, ""legacy_directvisits"": 0}",0,0
253,1,1,http://lupopedia.com/craftysyntax,lupopedia.com,/craftysyntax,20260203,6,2,"{""legacy_pageurl"": ""http://lupopedia.com/craftysyntax"", ""legacy_parentrec"": 1757, ""legacy_department"": 1, ""legacy_levelvisits"": 3, ""legacy_livehelp_id"": 1, ""legacy_directvisits"": 3}",0,0
254,1,1,http://lupopedia.com/#tldr-section,lupopedia.com,/#tldr-section,20260203,2,2,"{""legacy_pageurl"": ""http://lupopedia.com/#tldr-section"", ""legacy_parentrec"": 1757, ""legacy_department"": 1, ""legacy_levelvisits"": 1, ""legacy_livehelp_id"": 1, ""legacy_directvisits"": 1}",0,0
255,1,1,http://collaborativepages.com/craftysyntax_changelog.php,collaborativepages.com,/craftysyntax_changelog.php,20260203,2,2,"{""legacy_pageurl"": ""http://collaborativepages.com/craftysyntax_changelog.php"", ""legacy_parentrec"": 1756, ""legacy_department"": 1, ""legacy_levelvisits"": 1, ""legacy_livehelp_id"": 1, ""legacy_directvisits"": 1}",0,0
256,1,1,http://lupopedia.com/agent_profile.php?id=3,lupopedia.com,/agent_profile.php?id=3,20260203,0,3,"{""legacy_pageurl"": ""http://lupopedia.com/agent_profile.php?id=3"", ""legacy_parentrec"": 1758, ""legacy_department"": 1, ""legacy_levelvisits"": 0, ""legacy_livehelp_id"": 1, ""legacy_directvisits"": 0}",0,0
257,1,1,http://lupopedia.com/support.php,lupopedia.com,/support.php,20260203,2,2,"{""legacy_pageurl"": ""http://lupopedia.com/support.php"", ""legacy_parentrec"": 1757, ""legacy_department"": 1, ""legacy_levelvisits"": 1, ""legacy_livehelp_id"": 1, ""legacy_directvisits"": 1}",0,0
258,1,1,http://lupopedia.com/craftysyntax_changelog.php,lupopedia.com,/craftysyntax_changelog.php,20260203,2,2,"{""legacy_pageurl"": ""http://lupopedia.com/craftysyntax_changelog.php"", ""legacy_parentrec"": 1757, ""legacy_department"": 1, ""legacy_levelvisits"": 1, ""legacy_livehelp_id"": 1, ""legacy_directvisits"": 1}",0,0
259,1,1,http://collaborativepages.com,collaborativepages.com,,20260204,3,1,"{""legacy_pageurl"": ""http://collaborativepages.com"", ""legacy_parentrec"": 0, ""legacy_department"": 1, ""legacy_levelvisits"": 2, ""legacy_livehelp_id"": 1, ""legacy_directvisits"": 1}",0,0
260,1,1,http://collaborativepages.com/craftysyntax_changelog.php,collaborativepages.com,/craftysyntax_changelog.php,20260204,2,2,"{""legacy_pageurl"": ""http://collaborativepages.com/craftysyntax_changelog.php"", ""legacy_parentrec"": 1766, ""legacy_department"": 1, ""legacy_levelvisits"": 1, ""legacy_livehelp_id"": 1, ""legacy_directvisits"": 1}",0,0
261,1,1,http://lupopedia.com,lupopedia.com,,20260204,12,1,"{""legacy_pageurl"": ""http://lupopedia.com"", ""legacy_parentrec"": 0, ""legacy_department"": 1, ""legacy_levelvisits"": 8, ""legacy_livehelp_id"": 1, ""legacy_directvisits"": 4}",0,0
262,1,1,http://lupopedia.com/craftysyntax,lupopedia.com,/craftysyntax,20260204,6,2,"{""legacy_pageurl"": ""http://lupopedia.com/craftysyntax"", ""legacy_parentrec"": 1768, ""legacy_department"": 1, ""legacy_levelvisits"": 3, ""legacy_livehelp_id"": 1, ""legacy_directvisits"": 3}",0,0
263,1,1,http://lupopedia.com/agent_profile.php,lupopedia.com,/agent_profile.php,20260204,2,2,"{""legacy_pageurl"": ""http://lupopedia.com/agent_profile.php"", ""legacy_parentrec"": 1768, ""legacy_department"": 1, ""legacy_levelvisits"": 1, ""legacy_livehelp_id"": 1, ""legacy_directvisits"": 1}",0,0
264,1,1,http://lupopedia.com/agent_profile.php?id=16,lupopedia.com,/agent_profile.php?id=16,20260204,0,3,"{""legacy_pageurl"": ""http://lupopedia.com/agent_profile.php?id=16"", ""legacy_parentrec"": 1770, ""legacy_department"": 1, ""legacy_levelvisits"": 0, ""legacy_livehelp_id"": 1, ""legacy_directvisits"": 0}",0,0
265,1,1,http://lupopedia.com,lupopedia.com,,20260205,11,1,"{""legacy_pageurl"": ""http://lupopedia.com"", ""legacy_parentrec"": 0, ""legacy_department"": 1, ""legacy_levelvisits"": 11, ""legacy_livehelp_id"": 1, ""legacy_directvisits"": 0}",0,0
266,1,1,http://lupopedia.com/agent_profile.php,lupopedia.com,/agent_profile.php,20260205,6,2,"{""legacy_pageurl"": ""http://lupopedia.com/agent_profile.php"", ""legacy_parentrec"": 1772, ""legacy_department"": 1, ""legacy_levelvisits"": 3, ""legacy_livehelp_id"": 1, ""legacy_directvisits"": 3}",0,0
267,1,1,http://lupopedia.com/agent_profile.php?id=28,lupopedia.com,/agent_profile.php?id=28,20260205,0,3,"{""legacy_pageurl"": ""http://lupopedia.com/agent_profile.php?id=28"", ""legacy_parentrec"": 1773, ""legacy_department"": 1, ""legacy_levelvisits"": 0, ""legacy_livehelp_id"": 1, ""legacy_directvisits"": 0}",0,0
268,1,1,http://collaborativepages.com,collaborativepages.com,,20260205,2,1,"{""legacy_pageurl"": ""http://collaborativepages.com"", ""legacy_parentrec"": 0, ""legacy_department"": 1, ""legacy_levelvisits"": 1, ""legacy_livehelp_id"": 1, ""legacy_directvisits"": 1}",0,0
269,1,1,http://lupopedia.com/what_is_wolfie_headers.php,lupopedia.com,/what_is_wolfie_headers.php,20260205,4,2,"{""legacy_pageurl"": ""http://lupopedia.com/what_is_wolfie_headers.php"", ""legacy_parentrec"": 1772, ""legacy_department"": 1, ""legacy_levelvisits"": 2, ""legacy_livehelp_id"": 1, ""legacy_directvisits"": 2}",0,0
270,1,1,http://lupopedia.com/content.php,lupopedia.com,/content.php,20260205,8,2,"{""legacy_pageurl"": ""http://lupopedia.com/content.php"", ""legacy_parentrec"": 1772, ""legacy_department"": 1, ""legacy_levelvisits"": 4, ""legacy_livehelp_id"": 1, ""legacy_directvisits"": 4}",0,0
271,1,1,http://lupopedia.com/content.php?id=4&referingtable=sot_how&refering_id=4,lupopedia.com,/content.php?id=4&referingtable=sot_how&refering_id=4,20260205,0,3,"{""legacy_pageurl"": ""http://lupopedia.com/content.php?id=4&referingtable=sot_how&refering_id=4"", ""legacy_parentrec"": 1777, ""legacy_department"": 1, ""legacy_levelvisits"": 0, ""legacy_livehelp_id"": 1, ""legacy_directvisits"": 0}",0,0
272,1,1,http://lupopedia.com/content.php?id=7,lupopedia.com,/content.php?id=7,20260205,0,3,"{""legacy_pageurl"": ""http://lupopedia.com/content.php?id=7"", ""legacy_parentrec"": 1777, ""legacy_department"": 1, ""legacy_levelvisits"": 0, ""legacy_livehelp_id"": 1, ""legacy_directvisits"": 0}",0,0
273,1,1,http://lupopedia.com/who_is_eric.php,lupopedia.com,/who_is_eric.php,20260205,2,2,"{""legacy_pageurl"": ""http://lupopedia.com/who_is_eric.php"", ""legacy_parentrec"": 1772, ""legacy_department"": 1, ""legacy_levelvisits"": 1, ""legacy_livehelp_id"": 1, ""legacy_directvisits"": 1}",0,0
274,1,1,http://lupopedia.com/craftysyntax,lupopedia.com,/craftysyntax,20260205,2,2,"{""legacy_pageurl"": ""http://lupopedia.com/craftysyntax"", ""legacy_parentrec"": 1772, ""legacy_department"": 1, ""legacy_levelvisits"": 1, ""legacy_livehelp_id"": 1, ""legacy_directvisits"": 1}",0,0
275,1,1,http://lupopedia.com/content.php?id=7,lupopedia.com,/content.php?id=7,20260205,0,3,"{""legacy_pageurl"": ""http://lupopedia.com/content.php?id=7"", ""legacy_parentrec"": 1777, ""legacy_department"": 1, ""legacy_levelvisits"": 0, ""legacy_livehelp_id"": 1, ""legacy_directvisits"": 0}",0,0
276,1,1,http://lupopedia.com/agent_profile.php?id=3,lupopedia.com,/agent_profile.php?id=3,20260205,0,3,"{""legacy_pageurl"": ""http://lupopedia.com/agent_profile.php?id=3"", ""legacy_parentrec"": 1773, ""legacy_department"": 1, ""legacy_levelvisits"": 0, ""legacy_livehelp_id"": 1, ""legacy_directvisits"": 0}",0,0
277,1,1,http://lupopedia.com/agent_profile.php?id=28,lupopedia.com,/agent_profile.php?id=28,20260205,0,3,"{""legacy_pageurl"": ""http://lupopedia.com/agent_profile.php?id=28"", ""legacy_parentrec"": 1773, ""legacy_department"": 1, ""legacy_levelvisits"": 0, ""legacy_livehelp_id"": 1, ""legacy_directvisits"": 0}",0,0
278,1,1,http://lupopedia.com/content.php?id=4&referingtable=sot_how&refering_id=4,lupopedia.com,/content.php?id=4&referingtable=sot_how&refering_id=4,20260205,0,3,"{""legacy_pageurl"": ""http://lupopedia.com/content.php?id=4&referingtable=sot_how&refering_id=4"", ""legacy_parentrec"": 1777, ""legacy_department"": 1, ""legacy_levelvisits"": 0, ""legacy_livehelp_id"": 1, ""legacy_directvisits"": 0}",0,0
279,1,1,http://lupopedia.com,lupopedia.com,,20260206,12,1,"{""legacy_pageurl"": ""http://lupopedia.com"", ""legacy_parentrec"": 0, ""legacy_department"": 1, ""legacy_levelvisits"": 11, ""legacy_livehelp_id"": 1, ""legacy_directvisits"": 1}",0,0
280,1,1,http://lupopedia.com/craftysyntax,lupopedia.com,/craftysyntax,20260206,6,2,"{""legacy_pageurl"": ""http://lupopedia.com/craftysyntax"", ""legacy_parentrec"": 1786, ""legacy_department"": 1, ""legacy_levelvisits"": 3, ""legacy_livehelp_id"": 1, ""legacy_directvisits"": 3}",0,0
281,1,1,http://lupopedia.com/agent_profile.php,lupopedia.com,/agent_profile.php,20260206,14,2,"{""legacy_pageurl"": ""http://lupopedia.com/agent_profile.php"", ""legacy_parentrec"": 1786, ""legacy_department"": 1, ""legacy_levelvisits"": 7, ""legacy_livehelp_id"": 1, ""legacy_directvisits"": 7}",0,0
282,1,1,http://lupopedia.com/agent_profile.php?id=2,lupopedia.com,/agent_profile.php?id=2,20260206,0,3,"{""legacy_pageurl"": ""http://lupopedia.com/agent_profile.php?id=2"", ""legacy_parentrec"": 1788, ""legacy_department"": 1, ""legacy_levelvisits"": 0, ""legacy_livehelp_id"": 1, ""legacy_directvisits"": 0}",0,0
283,1,1,http://lupopedia.com/agent_profile.php?id=9,lupopedia.com,/agent_profile.php?id=9,20260206,0,3,"{""legacy_pageurl"": ""http://lupopedia.com/agent_profile.php?id=9"", ""legacy_parentrec"": 1788, ""legacy_department"": 1, ""legacy_levelvisits"": 0, ""legacy_livehelp_id"": 1, ""legacy_directvisits"": 0}",0,0
284,1,1,http://lupopedia.com/agent_profile.php?id=8,lupopedia.com,/agent_profile.php?id=8,20260206,0,3,"{""legacy_pageurl"": ""http://lupopedia.com/agent_profile.php?id=8"", ""legacy_parentrec"": 1788, ""legacy_department"": 1, ""legacy_levelvisits"": 0, ""legacy_livehelp_id"": 1, ""legacy_directvisits"": 0}",0,0
285,1,1,http://lupopedia.com/agent_profile.php?id=69,lupopedia.com,/agent_profile.php?id=69,20260206,0,3,"{""legacy_pageurl"": ""http://lupopedia.com/agent_profile.php?id=69"", ""legacy_parentrec"": 1788, ""legacy_department"": 1, ""legacy_levelvisits"": 0, ""legacy_livehelp_id"": 1, ""legacy_directvisits"": 0}",0,0
286,1,1,http://lupopedia.com/agent_profile.php?id=10,lupopedia.com,/agent_profile.php?id=10,20260206,0,3,"{""legacy_pageurl"": ""http://lupopedia.com/agent_profile.php?id=10"", ""legacy_parentrec"": 1788, ""legacy_department"": 1, ""legacy_levelvisits"": 0, ""legacy_livehelp_id"": 1, ""legacy_directvisits"": 0}",0,0
287,1,1,http://collaborativepages.com,collaborativepages.com,,20260206,2,1,"{""legacy_pageurl"": ""http://collaborativepages.com"", ""legacy_parentrec"": 0, ""legacy_department"": 1, ""legacy_levelvisits"": 1, ""legacy_livehelp_id"": 1, ""legacy_directvisits"": 1}",0,0
288,1,1,http://collaborativepages.com,collaborativepages.com,,20260207,3,1,"{""legacy_pageurl"": ""http://collaborativepages.com"", ""legacy_parentrec"": 0, ""legacy_department"": 1, ""legacy_levelvisits"": 2, ""legacy_livehelp_id"": 1, ""legacy_directvisits"": 1}",0,0
289,1,1,http://collaborativepages.com/agent_profile.php,collaborativepages.com,/agent_profile.php,20260207,2,2,"{""legacy_pageurl"": ""http://collaborativepages.com/agent_profile.php"", ""legacy_parentrec"": 1795, ""legacy_department"": 1, ""legacy_levelvisits"": 1, ""legacy_livehelp_id"": 1, ""legacy_directvisits"": 1}",0,0
290,1,1,http://collaborativepages.com/agent_profile.php?id=75,collaborativepages.com,/agent_profile.php?id=75,20260207,0,3,"{""legacy_pageurl"": ""http://collaborativepages.com/agent_profile.php?id=75"", ""legacy_parentrec"": 1796, ""legacy_department"": 1, ""legacy_levelvisits"": 0, ""legacy_livehelp_id"": 1, ""legacy_directvisits"": 0}",0,0
291,1,1,http://lupopedia.com,lupopedia.com,,20260207,21,1,"{""legacy_pageurl"": ""http://lupopedia.com"", ""legacy_parentrec"": 0, ""legacy_department"": 1, ""legacy_levelvisits"": 20, ""legacy_livehelp_id"": 1, ""legacy_directvisits"": 1}",0,0
292,1,1,http://lupopedia.com/craftysyntax,lupopedia.com,/craftysyntax,20260207,4,2,"{""legacy_pageurl"": ""http://lupopedia.com/craftysyntax"", ""legacy_parentrec"": 1798, ""legacy_department"": 1, ""legacy_levelvisits"": 2, ""legacy_livehelp_id"": 1, ""legacy_directvisits"": 2}",0,0
293,1,1,http://lupopedia.com/what_is_the_lupopedia_dialog_system.php,lupopedia.com,/what_is_the_lupopedia_dialog_system.php,20260207,2,2,"{""legacy_pageurl"": ""http://lupopedia.com/what_is_the_lupopedia_dialog_system.php"", ""legacy_parentrec"": 1798, ""legacy_department"": 1, ""legacy_levelvisits"": 1, ""legacy_livehelp_id"": 1, ""legacy_directvisits"": 1}",0,0
294,1,1,http://lupopedia.com/content.php,lupopedia.com,/content.php,20260207,10,2,"{""legacy_pageurl"": ""http://lupopedia.com/content.php"", ""legacy_parentrec"": 1798, ""legacy_department"": 1, ""legacy_levelvisits"": 5, ""legacy_livehelp_id"": 1, ""legacy_directvisits"": 5}",0,0
295,1,1,http://lupopedia.com/content.php?id=2,lupopedia.com,/content.php?id=2,20260207,0,3,"{""legacy_pageurl"": ""http://lupopedia.com/content.php?id=2"", ""legacy_parentrec"": 1801, ""legacy_department"": 1, ""legacy_levelvisits"": 0, ""legacy_livehelp_id"": 1, ""legacy_directvisits"": 0}",0,0
296,1,1,http://lupopedia.com/agent_profile.php,lupopedia.com,/agent_profile.php,20260207,12,2,"{""legacy_pageurl"": ""http://lupopedia.com/agent_profile.php"", ""legacy_parentrec"": 1798, ""legacy_department"": 1, ""legacy_levelvisits"": 6, ""legacy_livehelp_id"": 1, ""legacy_directvisits"": 6}",0,0
297,1,1,http://lupopedia.com/agent_profile.php?id=99,lupopedia.com,/agent_profile.php?id=99,20260207,0,3,"{""legacy_pageurl"": ""http://lupopedia.com/agent_profile.php?id=99"", ""legacy_parentrec"": 1803, ""legacy_department"": 1, ""legacy_levelvisits"": 0, ""legacy_livehelp_id"": 1, ""legacy_directvisits"": 0}",0,0
298,1,1,http://lupopedia.com/what_is_lupopedia.php,lupopedia.com,/what_is_lupopedia.php,20260207,2,2,"{""legacy_pageurl"": ""http://lupopedia.com/what_is_lupopedia.php"", ""legacy_parentrec"": 1798, ""legacy_department"": 1, ""legacy_levelvisits"": 1, ""legacy_livehelp_id"": 1, ""legacy_directvisits"": 1}",0,0
299,1,1,http://lupopedia.com/agent_profile.php?id=87,lupopedia.com,/agent_profile.php?id=87,20260207,0,3,"{""legacy_pageurl"": ""http://lupopedia.com/agent_profile.php?id=87"", ""legacy_parentrec"": 1803, ""legacy_department"": 1, ""legacy_levelvisits"": 0, ""legacy_livehelp_id"": 1, ""legacy_directvisits"": 0}",0,0
300,1,1,http://lupopedia.com/agents.php,lupopedia.com,/agents.php,20260207,2,2,"{""legacy_pageurl"": ""http://lupopedia.com/agents.php"", ""legacy_parentrec"": 1798, ""legacy_department"": 1, ""legacy_levelvisits"": 1, ""legacy_livehelp_id"": 1, ""legacy_directvisits"": 1}",0,0
301,1,1,http://lupopedia.com/agent_profile.php?id=14,lupopedia.com,/agent_profile.php?id=14,20260207,0,3,"{""legacy_pageurl"": ""http://lupopedia.com/agent_profile.php?id=14"", ""legacy_parentrec"": 1803, ""legacy_department"": 1, ""legacy_levelvisits"": 0, ""legacy_livehelp_id"": 1, ""legacy_directvisits"": 0}",0,0
302,1,1,http://lupopedia.com/agent_profile.php?id=19,lupopedia.com,/agent_profile.php?id=19,20260207,0,3,"{""legacy_pageurl"": ""http://lupopedia.com/agent_profile.php?id=19"", ""legacy_parentrec"": 1803, ""legacy_department"": 1, ""legacy_levelvisits"": 0, ""legacy_livehelp_id"": 1, ""legacy_directvisits"": 0}",0,0
303,1,1,http://lupopedia.com/agent_profile.php?id=51,lupopedia.com,/agent_profile.php?id=51,20260207,0,3,"{""legacy_pageurl"": ""http://lupopedia.com/agent_profile.php?id=51"", ""legacy_parentrec"": 1803, ""legacy_department"": 1, ""legacy_levelvisits"": 0, ""legacy_livehelp_id"": 1, ""legacy_directvisits"": 0}",0,0
304,1,1,http://lupopedia.com/wolfie_ladder,lupopedia.com,/wolfie_ladder,20260207,2,2,"{""legacy_pageurl"": ""http://lupopedia.com/wolfie_ladder"", ""legacy_parentrec"": 1798, ""legacy_department"": 1, ""legacy_levelvisits"": 1, ""legacy_livehelp_id"": 1, ""legacy_directvisits"": 1}",0,0
305,1,1,http://lupopedia.com/index.php,lupopedia.com,/index.php,20260207,2,2,"{""legacy_pageurl"": ""http://lupopedia.com/index.php"", ""legacy_parentrec"": 1798, ""legacy_department"": 1, ""legacy_levelvisits"": 1, ""legacy_livehelp_id"": 1, ""legacy_directvisits"": 1}",0,0
306,1,1,http://lupopedia.com/content.php?id=21,lupopedia.com,/content.php?id=21,20260207,0,3,"{""legacy_pageurl"": ""http://lupopedia.com/content.php?id=21"", ""legacy_parentrec"": 1801, ""legacy_department"": 1, ""legacy_levelvisits"": 0, ""legacy_livehelp_id"": 1, ""legacy_directvisits"": 0}",0,0
307,1,1,http://lupopedia.com/what_are_wolfie_headers.php,lupopedia.com,/what_are_wolfie_headers.php,20260207,2,2,"{""legacy_pageurl"": ""http://lupopedia.com/what_are_wolfie_headers.php"", ""legacy_parentrec"": 1798, ""legacy_department"": 1, ""legacy_levelvisits"": 1, ""legacy_livehelp_id"": 1, ""legacy_directvisits"": 1}",0,0
308,1,1,http://lupopedia.com/content.php?id=3,lupopedia.com,/content.php?id=3,20260207,0,3,"{""legacy_pageurl"": ""http://lupopedia.com/content.php?id=3"", ""legacy_parentrec"": 1801, ""legacy_department"": 1, ""legacy_levelvisits"": 0, ""legacy_livehelp_id"": 1, ""legacy_directvisits"": 0}",0,0
309,1,1,http://lupopedia.com/content.php?id=23,lupopedia.com,/content.php?id=23,20260207,0,3,"{""legacy_pageurl"": ""http://lupopedia.com/content.php?id=23"", ""legacy_parentrec"": 1801, ""legacy_department"": 1, ""legacy_levelvisits"": 0, ""legacy_livehelp_id"": 1, ""legacy_directvisits"": 0}",0,0
310,1,1,http://lupopedia.com,lupopedia.com,,20260208,11,1,"{""legacy_pageurl"": ""http://lupopedia.com"", ""legacy_parentrec"": 0, ""legacy_department"": 1, ""legacy_levelvisits"": 7, ""legacy_livehelp_id"": 1, ""legacy_directvisits"": 4}",0,0
311,1,1,http://collaborativepages.com,collaborativepages.com,,20260208,1,1,"{""legacy_pageurl"": ""http://collaborativepages.com"", ""legacy_parentrec"": 0, ""legacy_department"": 1, ""legacy_levelvisits"": 1, ""legacy_livehelp_id"": 1, ""legacy_directvisits"": 0}",0,0
312,1,1,http://collaborativepages.com/index.php,collaborativepages.com,/index.php,20260208,2,2,"{""legacy_pageurl"": ""http://collaborativepages.com/index.php"", ""legacy_parentrec"": 1818, ""legacy_department"": 1, ""legacy_levelvisits"": 1, ""legacy_livehelp_id"": 1, ""legacy_directvisits"": 1}",0,0
313,1,1,http://collaborativepages.com/index.php?desktop=1,collaborativepages.com,/index.php?desktop=1,20260208,0,3,"{""legacy_pageurl"": ""http://collaborativepages.com/index.php?desktop=1"", ""legacy_parentrec"": 1819, ""legacy_department"": 1, ""legacy_levelvisits"": 0, ""legacy_livehelp_id"": 1, ""legacy_directvisits"": 0}",0,0
314,1,1,http://lupopedia.com/support.php,lupopedia.com,/support.php,20260208,2,2,"{""legacy_pageurl"": ""http://lupopedia.com/support.php"", ""legacy_parentrec"": 1817, ""legacy_department"": 1, ""legacy_levelvisits"": 1, ""legacy_livehelp_id"": 1, ""legacy_directvisits"": 1}",0,0
315,1,1,http://lupopedia.com/craftysyntax,lupopedia.com,/craftysyntax,20260208,3,2,"{""legacy_pageurl"": ""http://lupopedia.com/craftysyntax"", ""legacy_parentrec"": 1817, ""legacy_department"": 1, ""legacy_levelvisits"": 2, ""legacy_livehelp_id"": 1, ""legacy_directvisits"": 1}",0,0
316,1,1,http://lupopedia.com/craftysyntax/#news,lupopedia.com,/craftysyntax/#news,20260208,2,3,"{""legacy_pageurl"": ""http://lupopedia.com/craftysyntax/#news"", ""legacy_parentrec"": 1822, ""legacy_department"": 1, ""legacy_levelvisits"": 1, ""legacy_livehelp_id"": 1, ""legacy_directvisits"": 1}",0,0
317,1,1,http://lupopedia.com,lupopedia.com,,20260209,6,1,"{""legacy_pageurl"": ""http://lupopedia.com"", ""legacy_parentrec"": 0, ""legacy_department"": 1, ""legacy_levelvisits"": 5, ""legacy_livehelp_id"": 1, ""legacy_directvisits"": 1}",0,0
318,1,1,http://lupopedia.com/craftysyntax,lupopedia.com,/craftysyntax,20260209,6,2,"{""legacy_pageurl"": ""http://lupopedia.com/craftysyntax"", ""legacy_parentrec"": 1824, ""legacy_department"": 1, ""legacy_levelvisits"": 3, ""legacy_livehelp_id"": 1, ""legacy_directvisits"": 3}",0,0
319,1,1,http://lupopedia.com/messages.php,lupopedia.com,/messages.php,20260209,2,2,"{""legacy_pageurl"": ""http://lupopedia.com/messages.php"", ""legacy_parentrec"": 1824, ""legacy_department"": 1, ""legacy_levelvisits"": 1, ""legacy_livehelp_id"": 1, ""legacy_directvisits"": 1}",0,0
320,1,1,http://lupopedia.com,lupopedia.com,,20260210,46,1,"{""legacy_pageurl"": ""http://lupopedia.com"", ""legacy_parentrec"": 0, ""legacy_department"": 1, ""legacy_levelvisits"": 41, ""legacy_livehelp_id"": 1, ""legacy_directvisits"": 5}",0,0
321,1,1,http://lupopedia.com/agent_profile.php,lupopedia.com,/agent_profile.php,20260210,28,2,"{""legacy_pageurl"": ""http://lupopedia.com/agent_profile.php"", ""legacy_parentrec"": 1827, ""legacy_department"": 1, ""legacy_levelvisits"": 14, ""legacy_livehelp_id"": 1, ""legacy_directvisits"": 14}",0,0
322,1,1,http://lupopedia.com/agent_profile.php?id=10,lupopedia.com,/agent_profile.php?id=10,20260210,0,3,"{""legacy_pageurl"": ""http://lupopedia.com/agent_profile.php?id=10"", ""legacy_parentrec"": 1828, ""legacy_department"": 1, ""legacy_levelvisits"": 0, ""legacy_livehelp_id"": 1, ""legacy_directvisits"": 0}",0,0
323,1,1,http://collaborativepages.com,collaborativepages.com,,20260210,8,1,"{""legacy_pageurl"": ""http://collaborativepages.com"", ""legacy_parentrec"": 0, ""legacy_department"": 1, ""legacy_levelvisits"": 6, ""legacy_livehelp_id"": 1, ""legacy_directvisits"": 2}",0,0
324,1,1,http://lupopedia.com/agent_profile.php?id=76,lupopedia.com,/agent_profile.php?id=76,20260210,0,3,"{""legacy_pageurl"": ""http://lupopedia.com/agent_profile.php?id=76"", ""legacy_parentrec"": 1828, ""legacy_department"": 1, ""legacy_levelvisits"": 0, ""legacy_livehelp_id"": 1, ""legacy_directvisits"": 0}",0,0
325,1,1,http://lupopedia.com?utm_source=poweredby&utm_campaign=poweredby,lupopedia.com?utm_source=poweredby&utm_campaign=poweredby,,20260210,0,2,"{""legacy_pageurl"": ""http://lupopedia.com?utm_source=poweredby&utm_campaign=poweredby"", ""legacy_parentrec"": 1827, ""legacy_department"": 1, ""legacy_levelvisits"": 0, ""legacy_livehelp_id"": 1, ""legacy_directvisits"": 0}",0,0
326,1,1,http://lupopedia.com/agent_profile.php?id=10,lupopedia.com,/agent_profile.php?id=10,20260210,0,3,"{""legacy_pageurl"": ""http://lupopedia.com/agent_profile.php?id=10"", ""legacy_parentrec"": 1828, ""legacy_department"": 1, ""legacy_levelvisits"": 0, ""legacy_livehelp_id"": 1, ""legacy_directvisits"": 0}",0,0
327,1,1,http://lupopedia.com/craftysyntax,lupopedia.com,/craftysyntax,20260210,18,2,"{""legacy_pageurl"": ""http://lupopedia.com/craftysyntax"", ""legacy_parentrec"": 1827, ""legacy_department"": 1, ""legacy_levelvisits"": 11, ""legacy_livehelp_id"": 1, ""legacy_directvisits"": 7}",0,0
328,1,1,http://lupopedia.com/agent_profile.php?id=82,lupopedia.com,/agent_profile.php?id=82,20260210,0,3,"{""legacy_pageurl"": ""http://lupopedia.com/agent_profile.php?id=82"", ""legacy_parentrec"": 1828, ""legacy_department"": 1, ""legacy_levelvisits"": 0, ""legacy_livehelp_id"": 1, ""legacy_directvisits"": 0}",0,0
329,1,1,http://lupopedia.com/agent_profile.php?id=8,lupopedia.com,/agent_profile.php?id=8,20260210,0,3,"{""legacy_pageurl"": ""http://lupopedia.com/agent_profile.php?id=8"", ""legacy_parentrec"": 1828, ""legacy_department"": 1, ""legacy_levelvisits"": 0, ""legacy_livehelp_id"": 1, ""legacy_directvisits"": 0}",0,0
330,1,1,http://lupopedia.com/craftysyntax/lupopedia.php,lupopedia.com,/craftysyntax/lupopedia.php,20260210,8,3,"{""legacy_pageurl"": ""http://lupopedia.com/craftysyntax/lupopedia.php"", ""legacy_parentrec"": 1834, ""legacy_department"": 1, ""legacy_levelvisits"": 4, ""legacy_livehelp_id"": 1, ""legacy_directvisits"": 4}",0,0
331,1,1,http://collaborativepages.com/agent_profile.php,collaborativepages.com,/agent_profile.php,20260210,4,2,"{""legacy_pageurl"": ""http://collaborativepages.com/agent_profile.php"", ""legacy_parentrec"": 1830, ""legacy_department"": 1, ""legacy_levelvisits"": 2, ""legacy_livehelp_id"": 1, ""legacy_directvisits"": 2}",0,0
332,1,1,http://collaborativepages.com/agent_profile.php?id=8,collaborativepages.com,/agent_profile.php?id=8,20260210,0,3,"{""legacy_pageurl"": ""http://collaborativepages.com/agent_profile.php?id=8"", ""legacy_parentrec"": 1838, ""legacy_department"": 1, ""legacy_levelvisits"": 0, ""legacy_livehelp_id"": 1, ""legacy_directvisits"": 0}",0,0
333,1,1,http://collaborativepages.com/index.php,collaborativepages.com,/index.php,20260210,2,2,"{""legacy_pageurl"": ""http://collaborativepages.com/index.php"", ""legacy_parentrec"": 1830, ""legacy_department"": 1, ""legacy_levelvisits"": 1, ""legacy_livehelp_id"": 1, ""legacy_directvisits"": 1}",0,0
334,1,1,http://collaborativepages.com/index.php?desktop=1,collaborativepages.com,/index.php?desktop=1,20260210,0,3,"{""legacy_pageurl"": ""http://collaborativepages.com/index.php?desktop=1"", ""legacy_parentrec"": 1840, ""legacy_department"": 1, ""legacy_levelvisits"": 0, ""legacy_livehelp_id"": 1, ""legacy_directvisits"": 0}",0,0
335,1,1,http://collaborativepages.com/agent_profile.php?id=75,collaborativepages.com,/agent_profile.php?id=75,20260210,0,3,"{""legacy_pageurl"": ""http://collaborativepages.com/agent_profile.php?id=75"", ""legacy_parentrec"": 1838, ""legacy_department"": 1, ""legacy_levelvisits"": 0, ""legacy_livehelp_id"": 1, ""legacy_directvisits"": 0}",0,0
336,1,1,http://lupopedia.com/index.php,lupopedia.com,/index.php,20260210,14,2,"{""legacy_pageurl"": ""http://lupopedia.com/index.php"", ""legacy_parentrec"": 1827, ""legacy_department"": 1, ""legacy_levelvisits"": 7, ""legacy_livehelp_id"": 1, ""legacy_directvisits"": 7}",0,0
337,1,1,http://collaborativepages.com/crafty_syntax_evolved.php,collaborativepages.com,/crafty_syntax_evolved.php,20260210,2,2,"{""legacy_pageurl"": ""http://collaborativepages.com/crafty_syntax_evolved.php"", ""legacy_parentrec"": 1830, ""legacy_department"": 1, ""legacy_levelvisits"": 1, ""legacy_livehelp_id"": 1, ""legacy_directvisits"": 1}",0,0
338,1,1,http://lupopedia.com/agents.php,lupopedia.com,/agents.php,20260210,2,2,"{""legacy_pageurl"": ""http://lupopedia.com/agents.php"", ""legacy_parentrec"": 1827, ""legacy_department"": 1, ""legacy_levelvisits"": 1, ""legacy_livehelp_id"": 1, ""legacy_directvisits"": 1}",0,0
339,1,1,http://lupopedia.com/messages.php,lupopedia.com,/messages.php,20260210,2,2,"{""legacy_pageurl"": ""http://lupopedia.com/messages.php"", ""legacy_parentrec"": 1827, ""legacy_department"": 1, ""legacy_levelvisits"": 1, ""legacy_livehelp_id"": 1, ""legacy_directvisits"": 1}",0,0
340,1,1,http://lupopedia.com/channels.php,lupopedia.com,/channels.php,20260210,2,2,"{""legacy_pageurl"": ""http://lupopedia.com/channels.php"", ""legacy_parentrec"": 1827, ""legacy_department"": 1, ""legacy_levelvisits"": 1, ""legacy_livehelp_id"": 1, ""legacy_directvisits"": 1}",0,0
341,1,1,http://lupopedia.com/support.php,lupopedia.com,/support.php,20260210,2,2,"{""legacy_pageurl"": ""http://lupopedia.com/support.php"", ""legacy_parentrec"": 1827, ""legacy_department"": 1, ""legacy_levelvisits"": 1, ""legacy_livehelp_id"": 1, ""legacy_directvisits"": 1}",0,0
342,1,1,http://lupopedia.com/index.php?desktop=1,lupopedia.com,/index.php?desktop=1,20260210,0,3,"{""legacy_pageurl"": ""http://lupopedia.com/index.php?desktop=1"", ""legacy_parentrec"": 1843, ""legacy_department"": 1, ""legacy_levelvisits"": 0, ""legacy_livehelp_id"": 1, ""legacy_directvisits"": 0}",0,0
343,1,1,http://lupopedia.com/index.php?desktop=1,lupopedia.com,/index.php?desktop=1,20260210,0,3,"{""legacy_pageurl"": ""http://lupopedia.com/index.php?desktop=1"", ""legacy_parentrec"": 1843, ""legacy_department"": 1, ""legacy_levelvisits"": 0, ""legacy_livehelp_id"": 1, ""legacy_directvisits"": 0}",0,0
344,1,1,http://lupopedia.com/index.php?desktop=1,lupopedia.com,/index.php?desktop=1,20260210,0,3,"{""legacy_pageurl"": ""http://lupopedia.com/index.php?desktop=1"", ""legacy_parentrec"": 1843, ""legacy_department"": 1, ""legacy_levelvisits"": 0, ""legacy_livehelp_id"": 1, ""legacy_directvisits"": 0}",0,0
345,1,1,http://lupopedia.com/index.php?desktop=1,lupopedia.com,/index.php?desktop=1,20260210,0,3,"{""legacy_pageurl"": ""http://lupopedia.com/index.php?desktop=1"", ""legacy_parentrec"": 1843, ""legacy_department"": 1, ""legacy_levelvisits"": 0, ""legacy_livehelp_id"": 1, ""legacy_directvisits"": 0}",0,0
346,1,1,http://lupopedia.com,lupopedia.com,,20260211,20,1,"{""legacy_pageurl"": ""http://lupopedia.com"", ""legacy_parentrec"": 0, ""legacy_department"": 1, ""legacy_levelvisits"": 17, ""legacy_livehelp_id"": 1, ""legacy_directvisits"": 3}",0,0
347,1,1,http://lupopedia.com/agent_profile.php,lupopedia.com,/agent_profile.php,20260211,10,2,"{""legacy_pageurl"": ""http://lupopedia.com/agent_profile.php"", ""legacy_parentrec"": 1853, ""legacy_department"": 1, ""legacy_levelvisits"": 5, ""legacy_livehelp_id"": 1, ""legacy_directvisits"": 5}",0,0
348,1,1,http://lupopedia.com/agent_profile.php?id=69,lupopedia.com,/agent_profile.php?id=69,20260211,0,3,"{""legacy_pageurl"": ""http://lupopedia.com/agent_profile.php?id=69"", ""legacy_parentrec"": 1854, ""legacy_department"": 1, ""legacy_levelvisits"": 0, ""legacy_livehelp_id"": 1, ""legacy_directvisits"": 0}",0,0
349,1,1,http://lupopedia.com/agent_profile.php?id=10,lupopedia.com,/agent_profile.php?id=10,20260211,0,3,"{""legacy_pageurl"": ""http://lupopedia.com/agent_profile.php?id=10"", ""legacy_parentrec"": 1854, ""legacy_department"": 1, ""legacy_levelvisits"": 0, ""legacy_livehelp_id"": 1, ""legacy_directvisits"": 0}",0,0
350,1,1,http://lupopedia.com/craftysyntax,lupopedia.com,/craftysyntax,20260211,8,2,"{""legacy_pageurl"": ""http://lupopedia.com/craftysyntax"", ""legacy_parentrec"": 1853, ""legacy_department"": 1, ""legacy_levelvisits"": 4, ""legacy_livehelp_id"": 1, ""legacy_directvisits"": 4}",0,0
351,1,1,http://lupopedia.com/search.php,lupopedia.com,/search.php,20260211,2,2,"{""legacy_pageurl"": ""http://lupopedia.com/search.php"", ""legacy_parentrec"": 1853, ""legacy_department"": 1, ""legacy_levelvisits"": 1, ""legacy_livehelp_id"": 1, ""legacy_directvisits"": 1}",0,0
352,1,1,http://lupopedia.com/agent_profile.php?id=1,lupopedia.com,/agent_profile.php?id=1,20260211,0,3,"{""legacy_pageurl"": ""http://lupopedia.com/agent_profile.php?id=1"", ""legacy_parentrec"": 1854, ""legacy_department"": 1, ""legacy_levelvisits"": 0, ""legacy_livehelp_id"": 1, ""legacy_directvisits"": 0}",0,0
353,1,1,http://lupopedia.com/goopers,lupopedia.com,/goopers,20260211,2,2,"{""legacy_pageurl"": ""http://lupopedia.com/goopers"", ""legacy_parentrec"": 1853, ""legacy_department"": 1, ""legacy_levelvisits"": 1, ""legacy_livehelp_id"": 1, ""legacy_directvisits"": 1}",0,0
354,1,1,http://lupopedia.com/agent_profile.php?id=30,lupopedia.com,/agent_profile.php?id=30,20260211,0,3,"{""legacy_pageurl"": ""http://lupopedia.com/agent_profile.php?id=30"", ""legacy_parentrec"": 1854, ""legacy_department"": 1, ""legacy_levelvisits"": 0, ""legacy_livehelp_id"": 1, ""legacy_directvisits"": 0}",0,0
355,1,1,http://lupopedia.com/content.php,lupopedia.com,/content.php,20260211,4,2,"{""legacy_pageurl"": ""http://lupopedia.com/content.php"", ""legacy_parentrec"": 1853, ""legacy_department"": 1, ""legacy_levelvisits"": 2, ""legacy_livehelp_id"": 1, ""legacy_directvisits"": 2}",0,0
356,1,1,http://lupopedia.com/content.php?id=1,lupopedia.com,/content.php?id=1,20260211,0,3,"{""legacy_pageurl"": ""http://lupopedia.com/content.php?id=1"", ""legacy_parentrec"": 1862, ""legacy_department"": 1, ""legacy_levelvisits"": 0, ""legacy_livehelp_id"": 1, ""legacy_directvisits"": 0}",0,0
357,1,1,http://lupopedia.com/wolfie_ladder,lupopedia.com,/wolfie_ladder,20260211,2,2,"{""legacy_pageurl"": ""http://lupopedia.com/wolfie_ladder"", ""legacy_parentrec"": 1853, ""legacy_department"": 1, ""legacy_levelvisits"": 1, ""legacy_livehelp_id"": 1, ""legacy_directvisits"": 1}",0,0
358,1,1,http://lupopedia.com/wolfie_ladder?fbclid=IwZXh0bgNhZW0CMTEAc3J0YwZhcHBfaWQKNjYyODU2ODM3OQABHrrjWiqkfZhk8neZUtJr9_4sPheyi-ntEKJZm3CAYn_yTEelGJ2gdXDIZmkN_aem_lPffrVtDcK4crkD08FHS6g,lupopedia.com,/wolfie_ladder?fbclid=IwZXh0bgNhZW0CMTEAc3J0YwZhcHBfaWQKNjYyODU2ODM3OQABHrrjWiqkfZhk8neZUtJr9_4sPheyi-ntEKJZm3CAYn_yTEelGJ2gdXDIZmkN_aem_lPffrVtDcK4crkD08FHS6g,20260211,0,3,"{""legacy_pageurl"": ""http://lupopedia.com/wolfie_ladder?fbclid=IwZXh0bgNhZW0CMTEAc3J0YwZhcHBfaWQKNjYyODU2ODM3OQABHrrjWiqkfZhk8neZUtJr9_4sPheyi-ntEKJZm3CAYn_yTEelGJ2gdXDIZmkN_aem_lPffrVtDcK4crkD08FHS6g"", ""legacy_parentrec"": 1864, ""legacy_department"": 1, ""legacy_levelvisits"": 0, ""legacy_livehelp_id"": 1, ""legacy_directvisits"": 0}",0,0
359,1,1,http://lupopedia.com/agent_profile.php?id=34,lupopedia.com,/agent_profile.php?id=34,20260211,0,3,"{""legacy_pageurl"": ""http://lupopedia.com/agent_profile.php?id=34"", ""legacy_parentrec"": 1854, ""legacy_department"": 1, ""legacy_levelvisits"": 0, ""legacy_livehelp_id"": 1, ""legacy_directvisits"": 0}",0,0
360,1,1,http://lupopedia.com,lupopedia.com,,20260212,15,1,"{""legacy_pageurl"": ""http://lupopedia.com"", ""legacy_parentrec"": 0, ""legacy_department"": 1, ""legacy_levelvisits"": 11, ""legacy_livehelp_id"": 1, ""legacy_directvisits"": 4}",0,0
361,1,1,http://lupopedia.com/craftysyntax,lupopedia.com,/craftysyntax,20260212,6,2,"{""legacy_pageurl"": ""http://lupopedia.com/craftysyntax"", ""legacy_parentrec"": 1867, ""legacy_department"": 1, ""legacy_levelvisits"": 3, ""legacy_livehelp_id"": 1, ""legacy_directvisits"": 3}",0,0
362,1,1,http://collaborativepages.com,collaborativepages.com,,20260212,1,1,"{""legacy_pageurl"": ""http://collaborativepages.com"", ""legacy_parentrec"": 0, ""legacy_department"": 1, ""legacy_levelvisits"": 1, ""legacy_livehelp_id"": 1, ""legacy_directvisits"": 0}",0,0
363,1,1,http://collaborativepages.com/agent_profile.php,collaborativepages.com,/agent_profile.php,20260212,2,2,"{""legacy_pageurl"": ""http://collaborativepages.com/agent_profile.php"", ""legacy_parentrec"": 1869, ""legacy_department"": 1, ""legacy_levelvisits"": 1, ""legacy_livehelp_id"": 1, ""legacy_directvisits"": 1}",0,0
364,1,1,http://collaborativepages.com/agent_profile.php?id=75,collaborativepages.com,/agent_profile.php?id=75,20260212,0,3,"{""legacy_pageurl"": ""http://collaborativepages.com/agent_profile.php?id=75"", ""legacy_parentrec"": 1870, ""legacy_department"": 1, ""legacy_levelvisits"": 0, ""legacy_livehelp_id"": 1, ""legacy_directvisits"": 0}",0,0
365,1,1,http://lupopedia.com/planfor_next_version_craftysyntax.php,lupopedia.com,/planfor_next_version_craftysyntax.php,20260212,2,2,"{""legacy_pageurl"": ""http://lupopedia.com/planfor_next_version_craftysyntax.php"", ""legacy_parentrec"": 1867, ""legacy_department"": 1, ""legacy_levelvisits"": 1, ""legacy_livehelp_id"": 1, ""legacy_directvisits"": 1}",0,0
366,1,1,http://lupopedia.com/#tldr-section,lupopedia.com,/#tldr-section,20260212,4,2,"{""legacy_pageurl"": ""http://lupopedia.com/#tldr-section"", ""legacy_parentrec"": 1867, ""legacy_department"": 1, ""legacy_levelvisits"": 2, ""legacy_livehelp_id"": 1, ""legacy_directvisits"": 2}",0,0
367,1,1,http://lupopedia.com/agents.php,lupopedia.com,/agents.php,20260212,2,2,"{""legacy_pageurl"": ""http://lupopedia.com/agents.php"", ""legacy_parentrec"": 1867, ""legacy_department"": 1, ""legacy_levelvisits"": 1, ""legacy_livehelp_id"": 1, ""legacy_directvisits"": 1}",0,0
368,1,1,http://lupopedia.com?utm_source=poweredby&utm_campaign=poweredby,lupopedia.com?utm_source=poweredby&utm_campaign=poweredby,,20260212,0,2,"{""legacy_pageurl"": ""http://lupopedia.com?utm_source=poweredby&utm_campaign=poweredby"", ""legacy_parentrec"": 1867, ""legacy_department"": 1, ""legacy_levelvisits"": 0, ""legacy_livehelp_id"": 1, ""legacy_directvisits"": 0}",0,0
512,1,1,http://lupopedia.com,lupopedia.com,,202511,1464,1,"{""legacy_pageurl"": ""http://lupopedia.com"", ""legacy_parentrec"": 0, ""legacy_department"": 1, ""legacy_levelvisits"": 1263, ""legacy_directvisits"": 201}",0,0
513,1,1,http://lupopedia.com/what_was_crafty_syntax.php,lupopedia.com,/what_was_crafty_syntax.php,202511,214,2,"{""legacy_pageurl"": ""http://lupopedia.com/what_was_crafty_syntax.php"", ""legacy_parentrec"": 1, ""legacy_department"": 1, ""legacy_levelvisits"": 107, ""legacy_directvisits"": 107}",0,0
514,1,1,http://lupopedia.com/index.php,lupopedia.com,/index.php,202511,166,2,"{""legacy_pageurl"": ""http://lupopedia.com/index.php"", ""legacy_parentrec"": 1, ""legacy_department"": 1, ""legacy_levelvisits"": 83, ""legacy_directvisits"": 83}",0,0
515,1,1,http://lupopedia.com/salessyntax_changelog.php,lupopedia.com,/salessyntax_changelog.php,202511,26,2,"{""legacy_pageurl"": ""http://lupopedia.com/salessyntax_changelog.php"", ""legacy_parentrec"": 1, ""legacy_department"": 1, ""legacy_levelvisits"": 13, ""legacy_directvisits"": 13}",0,0
516,1,1,http://lupopedia.com/support.php,lupopedia.com,/support.php,202511,220,2,"{""legacy_pageurl"": ""http://lupopedia.com/support.php"", ""legacy_parentrec"": 1, ""legacy_department"": 1, ""legacy_levelvisits"": 110, ""legacy_directvisits"": 110}",0,0
517,1,1,http://lupopedia.com/directory.php,lupopedia.com,/directory.php,202511,4,2,"{""legacy_pageurl"": ""http://lupopedia.com/directory.php"", ""legacy_parentrec"": 1, ""legacy_department"": 1, ""legacy_levelvisits"": 2, ""legacy_directvisits"": 2}",0,0
518,1,1,http://collaborativepages.com,collaborativepages.com,,202511,45,1,"{""legacy_pageurl"": ""http://collaborativepages.com"", ""legacy_parentrec"": 0, ""legacy_department"": 1, ""legacy_levelvisits"": 27, ""legacy_directvisits"": 18}",0,0
519,1,1,http://lupopedia.com/crafty_syntax_evolved.php,lupopedia.com,/crafty_syntax_evolved.php,202511,26,2,"{""legacy_pageurl"": ""http://lupopedia.com/crafty_syntax_evolved.php"", ""legacy_parentrec"": 1, ""legacy_department"": 1, ""legacy_levelvisits"": 13, ""legacy_directvisits"": 13}",0,0
520,1,1,http://lupopedia.com/who_is_eric.php,lupopedia.com,/who_is_eric.php,202511,12,2,"{""legacy_pageurl"": ""http://lupopedia.com/who_is_eric.php"", ""legacy_parentrec"": 1, ""legacy_department"": 1, ""legacy_levelvisits"": 6, ""legacy_directvisits"": 6}",0,0
521,1,1,http://lupopedia.com/agents.php,lupopedia.com,/agents.php,202511,90,2,"{""legacy_pageurl"": ""http://lupopedia.com/agents.php"", ""legacy_parentrec"": 1, ""legacy_department"": 1, ""legacy_levelvisits"": 45, ""legacy_directvisits"": 45}",0,0
522,1,1,http://lupopedia.com/agent_profile.php,lupopedia.com,/agent_profile.php,202511,254,2,"{""legacy_pageurl"": ""http://lupopedia.com/agent_profile.php"", ""legacy_parentrec"": 1, ""legacy_department"": 1, ""legacy_levelvisits"": 127, ""legacy_directvisits"": 127}",0,0
523,1,1,http://lupopedia.com/who_is_wolfie.php,lupopedia.com,/who_is_wolfie.php,202511,4,2,"{""legacy_pageurl"": ""http://lupopedia.com/who_is_wolfie.php"", ""legacy_parentrec"": 1, ""legacy_department"": 1, ""legacy_levelvisits"": 2, ""legacy_directvisits"": 2}",0,0
524,1,1,http://lupopedia.com/unbranded.php,lupopedia.com,/unbranded.php,202511,18,2,"{""legacy_pageurl"": ""http://lupopedia.com/unbranded.php"", ""legacy_parentrec"": 1, ""legacy_department"": 1, ""legacy_levelvisits"": 9, ""legacy_directvisits"": 9}",0,0
525,1,1,http://lupopedia.com/account.php,lupopedia.com,/account.php,202511,4,2,"{""legacy_pageurl"": ""http://lupopedia.com/account.php"", ""legacy_parentrec"": 1, ""legacy_department"": 1, ""legacy_levelvisits"": 2, ""legacy_directvisits"": 2}",0,0
526,1,1,http://lupopedia.com/questions.php,lupopedia.com,/questions.php,202511,74,2,"{""legacy_pageurl"": ""http://lupopedia.com/questions.php"", ""legacy_parentrec"": 1, ""legacy_department"": 1, ""legacy_levelvisits"": 37, ""legacy_directvisits"": 37}",0,0
527,1,1,http://lupopedia.com/sot_collections.php,lupopedia.com,/sot_collections.php,202511,10,2,"{""legacy_pageurl"": ""http://lupopedia.com/sot_collections.php"", ""legacy_parentrec"": 1, ""legacy_department"": 1, ""legacy_levelvisits"": 5, ""legacy_directvisits"": 5}",0,0
528,1,1,http://lupopedia.com/content.php,lupopedia.com,/content.php,202511,22,2,"{""legacy_pageurl"": ""http://lupopedia.com/content.php"", ""legacy_parentrec"": 1, ""legacy_department"": 1, ""legacy_levelvisits"": 11, ""legacy_directvisits"": 11}",0,0
529,1,1,http://lupopedia.com/what_is_lupopedia.php,lupopedia.com,/what_is_lupopedia.php,202511,16,2,"{""legacy_pageurl"": ""http://lupopedia.com/what_is_lupopedia.php"", ""legacy_parentrec"": 1, ""legacy_department"": 1, ""legacy_levelvisits"": 8, ""legacy_directvisits"": 8}",0,0
530,1,1,http://lupopedia.com/what_are_wolfie_headers.php,lupopedia.com,/what_are_wolfie_headers.php,202511,16,2,"{""legacy_pageurl"": ""http://lupopedia.com/what_are_wolfie_headers.php"", ""legacy_parentrec"": 1, ""legacy_department"": 1, ""legacy_levelvisits"": 8, ""legacy_directvisits"": 8}",0,0
531,1,1,http://lupopedia.com/what_is_wolfie_headers.php,lupopedia.com,/what_is_wolfie_headers.php,202511,30,2,"{""legacy_pageurl"": ""http://lupopedia.com/what_is_wolfie_headers.php"", ""legacy_parentrec"": 1, ""legacy_department"": 1, ""legacy_levelvisits"": 15, ""legacy_directvisits"": 15}",0,0
532,1,1,http://lupopedia.com/search.php,lupopedia.com,/search.php,202511,20,2,"{""legacy_pageurl"": ""http://lupopedia.com/search.php"", ""legacy_parentrec"": 1, ""legacy_department"": 1, ""legacy_levelvisits"": 10, ""legacy_directvisits"": 10}",0,0
533,1,1,http://lupopedia.com/channels.php,lupopedia.com,/channels.php,202511,20,2,"{""legacy_pageurl"": ""http://lupopedia.com/channels.php"", ""legacy_parentrec"": 1, ""legacy_department"": 1, ""legacy_levelvisits"": 10, ""legacy_directvisits"": 10}",0,0
534,1,1,http://lupopedia.com/users.php,lupopedia.com,/users.php,202511,16,2,"{""legacy_pageurl"": ""http://lupopedia.com/users.php"", ""legacy_parentrec"": 1, ""legacy_department"": 1, ""legacy_levelvisits"": 8, ""legacy_directvisits"": 8}",0,0
535,1,1,http://lupopedia.com/browse_collections.php,lupopedia.com,/browse_collections.php,202511,14,2,"{""legacy_pageurl"": ""http://lupopedia.com/browse_collections.php"", ""legacy_parentrec"": 1, ""legacy_department"": 1, ""legacy_levelvisits"": 7, ""legacy_directvisits"": 7}",0,0
536,1,1,http://lupopedia.com/chat.php,lupopedia.com,/chat.php,202511,4,2,"{""legacy_pageurl"": ""http://lupopedia.com/chat.php"", ""legacy_parentrec"": 1, ""legacy_department"": 1, ""legacy_levelvisits"": 2, ""legacy_directvisits"": 2}",0,0
537,1,1,http://lupopedia.com/changelog.php,lupopedia.com,/changelog.php,202511,10,2,"{""legacy_pageurl"": ""http://lupopedia.com/changelog.php"", ""legacy_parentrec"": 1, ""legacy_department"": 1, ""legacy_levelvisits"": 5, ""legacy_directvisits"": 5}",0,0
538,1,1,http://lupopedia.com/what_was_crafty_syntax.php#download,lupopedia.com,/what_was_crafty_syntax.php#download,202511,20,2,"{""legacy_pageurl"": ""http://lupopedia.com/what_was_crafty_syntax.php#download"", ""legacy_parentrec"": 1, ""legacy_department"": 1, ""legacy_levelvisits"": 10, ""legacy_directvisits"": 10}",0,0
539,1,1,http://lupopedia.com/executive_summary.php,lupopedia.com,/executive_summary.php,202511,6,2,"{""legacy_pageurl"": ""http://lupopedia.com/executive_summary.php"", ""legacy_parentrec"": 1, ""legacy_department"": 1, ""legacy_levelvisits"": 3, ""legacy_directvisits"": 3}",0,0
540,1,1,http://lupopedia.com/system_features.php,lupopedia.com,/system_features.php,202511,6,2,"{""legacy_pageurl"": ""http://lupopedia.com/system_features.php"", ""legacy_parentrec"": 1, ""legacy_department"": 1, ""legacy_levelvisits"": 3, ""legacy_directvisits"": 3}",0,0
541,1,1,http://lupopedia.com/crafty_syntax_research.php,lupopedia.com,/crafty_syntax_research.php,202511,10,2,"{""legacy_pageurl"": ""http://lupopedia.com/crafty_syntax_research.php"", ""legacy_parentrec"": 1, ""legacy_department"": 1, ""legacy_levelvisits"": 5, ""legacy_directvisits"": 5}",0,0
542,1,1,http://lupopedia.com/login.php,lupopedia.com,/login.php,202511,26,2,"{""legacy_pageurl"": ""http://lupopedia.com/login.php"", ""legacy_parentrec"": 1, ""legacy_department"": 1, ""legacy_levelvisits"": 13, ""legacy_directvisits"": 13}",0,0
543,1,1,http://lupopedia.com/planfor_next_version_salessyntax.php,lupopedia.com,/planfor_next_version_salessyntax.php,202511,14,2,"{""legacy_pageurl"": ""http://lupopedia.com/planfor_next_version_salessyntax.php"", ""legacy_parentrec"": 1, ""legacy_department"": 1, ""legacy_levelvisits"": 7, ""legacy_directvisits"": 7}",0,0
544,1,1,http://lupopedia.com/what_was_crafty_syntax.php#future-roadmap,lupopedia.com,/what_was_crafty_syntax.php#future-roadmap,202511,10,2,"{""legacy_pageurl"": ""http://lupopedia.com/what_was_crafty_syntax.php#future-roadmap"", ""legacy_parentrec"": 1, ""legacy_department"": 1, ""legacy_levelvisits"": 5, ""legacy_directvisits"": 5}",0,0
545,1,1,http://lupopedia.com/what_was_crafty_syntax.php#timeline,lupopedia.com,/what_was_crafty_syntax.php#timeline,202511,18,2,"{""legacy_pageurl"": ""http://lupopedia.com/what_was_crafty_syntax.php#timeline"", ""legacy_parentrec"": 1, ""legacy_department"": 1, ""legacy_levelvisits"": 9, ""legacy_directvisits"": 9}",0,0
546,1,1,http://lupopedia.com/special.php,lupopedia.com,/special.php,202511,6,2,"{""legacy_pageurl"": ""http://lupopedia.com/special.php"", ""legacy_parentrec"": 1, ""legacy_department"": 1, ""legacy_levelvisits"": 3, ""legacy_directvisits"": 3}",0,0
547,1,1,http://lupopedia.com/what_was_crafty_syntax.php#whycraftysyntax,lupopedia.com,/what_was_crafty_syntax.php#whycraftysyntax,202511,14,2,"{""legacy_pageurl"": ""http://lupopedia.com/what_was_crafty_syntax.php#whycraftysyntax"", ""legacy_parentrec"": 1, ""legacy_department"": 1, ""legacy_levelvisits"": 7, ""legacy_directvisits"": 7}",0,0
548,1,1,http://lupopedia.com/craftysyntax_changelog.php,lupopedia.com,/craftysyntax_changelog.php,202511,44,2,"{""legacy_pageurl"": ""http://lupopedia.com/craftysyntax_changelog.php"", ""legacy_parentrec"": 1, ""legacy_department"": 1, ""legacy_levelvisits"": 22, ""legacy_directvisits"": 22}",0,0
549,1,1,http://lupopedia.com/what_was_crafty_syntax.php#video-demo,lupopedia.com,/what_was_crafty_syntax.php#video-demo,202511,4,2,"{""legacy_pageurl"": ""http://lupopedia.com/what_was_crafty_syntax.php#video-demo"", ""legacy_parentrec"": 1, ""legacy_department"": 1, ""legacy_levelvisits"": 2, ""legacy_directvisits"": 2}",0,0
550,1,1,http://lupopedia.com/members.php,lupopedia.com,/members.php,202511,4,2,"{""legacy_pageurl"": ""http://lupopedia.com/members.php"", ""legacy_parentrec"": 1, ""legacy_department"": 1, ""legacy_levelvisits"": 2, ""legacy_directvisits"": 2}",0,0
551,1,1,http://mail.collaborativepages.com,mail.collaborativepages.com,,202511,6,1,"{""legacy_pageurl"": ""http://mail.collaborativepages.com"", ""legacy_parentrec"": 0, ""legacy_department"": 1, ""legacy_levelvisits"": 3, ""legacy_directvisits"": 3}",0,0
552,1,1,http://mail.lupopedia.com,mail.lupopedia.com,,202511,8,1,"{""legacy_pageurl"": ""http://mail.lupopedia.com"", ""legacy_parentrec"": 0, ""legacy_department"": 1, ""legacy_levelvisits"": 4, ""legacy_directvisits"": 4}",0,0
553,1,1,http://lupopedia.com/wall.php,lupopedia.com,/wall.php,202511,14,2,"{""legacy_pageurl"": ""http://lupopedia.com/wall.php"", ""legacy_parentrec"": 1, ""legacy_department"": 1, ""legacy_levelvisits"": 7, ""legacy_directvisits"": 7}",0,0
554,1,1,http://lupopedia.com/admin.php,lupopedia.com,/admin.php,202511,30,2,"{""legacy_pageurl"": ""http://lupopedia.com/admin.php"", ""legacy_parentrec"": 1, ""legacy_department"": 1, ""legacy_levelvisits"": 15, ""legacy_directvisits"": 15}",0,0
555,1,1,http://lupopedia.com/events.php,lupopedia.com,/events.php,202511,14,2,"{""legacy_pageurl"": ""http://lupopedia.com/events.php"", ""legacy_parentrec"": 1, ""legacy_department"": 1, ""legacy_levelvisits"": 7, ""legacy_directvisits"": 7}",0,0
556,1,1,http://lupopedia.com/craftysyntax_changelog.php#donate,lupopedia.com,/craftysyntax_changelog.php#donate,202511,4,2,"{""legacy_pageurl"": ""http://lupopedia.com/craftysyntax_changelog.php#donate"", ""legacy_parentrec"": 1, ""legacy_department"": 1, ""legacy_levelvisits"": 2, ""legacy_directvisits"": 2}",0,0
557,1,1,http://lupopedia.com/planfor_next_version_craftysyntax.php,lupopedia.com,/planfor_next_version_craftysyntax.php,202511,30,2,"{""legacy_pageurl"": ""http://lupopedia.com/planfor_next_version_craftysyntax.php"", ""legacy_parentrec"": 1, ""legacy_department"": 1, ""legacy_levelvisits"": 15, ""legacy_directvisits"": 15}",0,0
558,1,1,http://lupopedia.com/register.php,lupopedia.com,/register.php,202511,6,2,"{""legacy_pageurl"": ""http://lupopedia.com/register.php"", ""legacy_parentrec"": 1, ""legacy_department"": 1, ""legacy_levelvisits"": 3, ""legacy_directvisits"": 3}",0,0
559,1,1,http://lupopedia.com/craftysyntax,lupopedia.com,/craftysyntax,202511,263,2,"{""legacy_pageurl"": ""http://lupopedia.com/craftysyntax"", ""legacy_parentrec"": 1, ""legacy_department"": 1, ""legacy_levelvisits"": 165, ""legacy_directvisits"": 98}",0,0
560,1,1,http://lupopedia.com/craftysyntax/#legacy,lupopedia.com,/craftysyntax/#legacy,202511,8,3,"{""legacy_pageurl"": ""http://lupopedia.com/craftysyntax/#legacy"", ""legacy_parentrec"": 92, ""legacy_department"": 1, ""legacy_levelvisits"": 4, ""legacy_directvisits"": 4}",0,0
561,1,1,http://lupopedia.com/craftysyntax/planfor_next_version_craftysyntax.php,lupopedia.com,/craftysyntax/planfor_next_version_craftysyntax.php,202511,34,3,"{""legacy_pageurl"": ""http://lupopedia.com/craftysyntax/planfor_next_version_craftysyntax.php"", ""legacy_parentrec"": 92, ""legacy_department"": 1, ""legacy_levelvisits"": 17, ""legacy_directvisits"": 17}",0,0
562,1,1,http://lupopedia.com/craftysyntax/craftysyntax_changelog.php,lupopedia.com,/craftysyntax/craftysyntax_changelog.php,202511,12,3,"{""legacy_pageurl"": ""http://lupopedia.com/craftysyntax/craftysyntax_changelog.php"", ""legacy_parentrec"": 92, ""legacy_department"": 1, ""legacy_levelvisits"": 6, ""legacy_directvisits"": 6}",0,0
563,1,1,http://lupopedia.com/craftysyntax/crafty_syntax_evolved.php,lupopedia.com,/craftysyntax/crafty_syntax_evolved.php,202511,44,3,"{""legacy_pageurl"": ""http://lupopedia.com/craftysyntax/crafty_syntax_evolved.php"", ""legacy_parentrec"": 92, ""legacy_department"": 1, ""legacy_levelvisits"": 22, ""legacy_directvisits"": 22}",0,0
564,1,1,http://lupopedia.com/craftysyntax/#timeline,lupopedia.com,/craftysyntax/#timeline,202511,4,3,"{""legacy_pageurl"": ""http://lupopedia.com/craftysyntax/#timeline"", ""legacy_parentrec"": 92, ""legacy_department"": 1, ""legacy_levelvisits"": 2, ""legacy_directvisits"": 2}",0,0
565,1,1,http://lupopedia.com/wolfie_ladder,lupopedia.com,/wolfie_ladder,202511,187,2,"{""legacy_pageurl"": ""http://lupopedia.com/wolfie_ladder"", ""legacy_parentrec"": 1, ""legacy_department"": 1, ""legacy_levelvisits"": 95, ""legacy_directvisits"": 92}",0,0
566,1,1,http://lupopedia.com/craftysyntax/#download,lupopedia.com,/craftysyntax/#download,202511,8,3,"{""legacy_pageurl"": ""http://lupopedia.com/craftysyntax/#download"", ""legacy_parentrec"": 92, ""legacy_department"": 1, ""legacy_levelvisits"": 4, ""legacy_directvisits"": 4}",0,0
567,1,1,http://wisdomoflovingfaith.com,wisdomoflovingfaith.com,,202511,26,1,"{""legacy_pageurl"": ""http://wisdomoflovingfaith.com"", ""legacy_parentrec"": 0, ""legacy_department"": 1, ""legacy_levelvisits"": 19, ""legacy_directvisits"": 7}",0,0
568,1,1,http://wisdomoflovingfaith.com/index.php,wisdomoflovingfaith.com,/index.php,202511,4,2,"{""legacy_pageurl"": ""http://wisdomoflovingfaith.com/index.php"", ""legacy_parentrec"": 108, ""legacy_department"": 1, ""legacy_levelvisits"": 2, ""legacy_directvisits"": 2}",0,0
569,1,1,http://collaborativepages.com/changelog.php,collaborativepages.com,/changelog.php,202511,4,2,"{""legacy_pageurl"": ""http://collaborativepages.com/changelog.php"", ""legacy_parentrec"": 9, ""legacy_department"": 1, ""legacy_levelvisits"": 2, ""legacy_directvisits"": 2}",0,0
570,1,1,http://lupopedia.com/files.php,lupopedia.com,/files.php,202511,4,2,"{""legacy_pageurl"": ""http://lupopedia.com/files.php"", ""legacy_parentrec"": 1, ""legacy_department"": 1, ""legacy_levelvisits"": 2, ""legacy_directvisits"": 2}",0,0
571,1,1,http://collaborativepages.com/what_is_lupopedia.php,collaborativepages.com,/what_is_lupopedia.php,202511,4,2,"{""legacy_pageurl"": ""http://collaborativepages.com/what_is_lupopedia.php"", ""legacy_parentrec"": 9, ""legacy_department"": 1, ""legacy_levelvisits"": 2, ""legacy_directvisits"": 2}",0,0
572,1,1,http://lupopedia.com/terms.php,lupopedia.com,/terms.php,202511,4,2,"{""legacy_pageurl"": ""http://lupopedia.com/terms.php"", ""legacy_parentrec"": 1, ""legacy_department"": 1, ""legacy_levelvisits"": 2, ""legacy_directvisits"": 2}",0,0
573,1,1,http://lupopedia.com/officehours.php,lupopedia.com,/officehours.php,202511,16,2,"{""legacy_pageurl"": ""http://lupopedia.com/officehours.php"", ""legacy_parentrec"": 1, ""legacy_department"": 1, ""legacy_levelvisits"": 8, ""legacy_directvisits"": 8}",0,0
574,1,1,http://wisdomoflovingfaith.com/agent_profile.php,wisdomoflovingfaith.com,/agent_profile.php,202511,16,2,"{""legacy_pageurl"": ""http://wisdomoflovingfaith.com/agent_profile.php"", ""legacy_parentrec"": 108, ""legacy_department"": 1, ""legacy_levelvisits"": 8, ""legacy_directvisits"": 8}",0,0
575,1,1,http://lupopedia.com/wolfie_ladder/index.php,lupopedia.com,/wolfie_ladder/index.php,202511,4,3,"{""legacy_pageurl"": ""http://lupopedia.com/wolfie_ladder/index.php"", ""legacy_parentrec"": 105, ""legacy_department"": 1, ""legacy_levelvisits"": 2, ""legacy_directvisits"": 2}",0,0
576,1,1,http://lupopedia.com,lupopedia.com,,202512,1993,1,"{""legacy_pageurl"": ""http://lupopedia.com"", ""legacy_parentrec"": 0, ""legacy_department"": 1, ""legacy_levelvisits"": 1658, ""legacy_directvisits"": 335}",0,0
577,1,1,http://lupopedia.com/what_is_wolfie_headers.php,lupopedia.com,/what_is_wolfie_headers.php,202512,30,2,"{""legacy_pageurl"": ""http://lupopedia.com/what_is_wolfie_headers.php"", ""legacy_parentrec"": 171, ""legacy_department"": 1, ""legacy_levelvisits"": 15, ""legacy_directvisits"": 15}",0,0
578,1,1,http://lupopedia.com/index.php,lupopedia.com,/index.php,202512,202,2,"{""legacy_pageurl"": ""http://lupopedia.com/index.php"", ""legacy_parentrec"": 171, ""legacy_department"": 1, ""legacy_levelvisits"": 101, ""legacy_directvisits"": 101}",0,0
579,1,1,http://lupopedia.com/craftysyntax,lupopedia.com,/craftysyntax,202512,694,2,"{""legacy_pageurl"": ""http://lupopedia.com/craftysyntax"", ""legacy_parentrec"": 171, ""legacy_department"": 1, ""legacy_levelvisits"": 470, ""legacy_directvisits"": 224}",0,0
580,1,1,http://lupopedia.com/login.php,lupopedia.com,/login.php,202512,24,2,"{""legacy_pageurl"": ""http://lupopedia.com/login.php"", ""legacy_parentrec"": 171, ""legacy_department"": 1, ""legacy_levelvisits"": 12, ""legacy_directvisits"": 12}",0,0
581,1,1,http://lupopedia.com/search.php,lupopedia.com,/search.php,202512,50,2,"{""legacy_pageurl"": ""http://lupopedia.com/search.php"", ""legacy_parentrec"": 171, ""legacy_department"": 1, ""legacy_levelvisits"": 25, ""legacy_directvisits"": 25}",0,0
582,1,1,http://collaborativepages.com,collaborativepages.com,,202512,96,1,"{""legacy_pageurl"": ""http://collaborativepages.com"", ""legacy_parentrec"": 0, ""legacy_department"": 1, ""legacy_levelvisits"": 53, ""legacy_directvisits"": 43}",0,0
583,1,1,http://lupopedia.com/agent_profile.php,lupopedia.com,/agent_profile.php,202512,238,2,"{""legacy_pageurl"": ""http://lupopedia.com/agent_profile.php"", ""legacy_parentrec"": 171, ""legacy_department"": 1, ""legacy_levelvisits"": 119, ""legacy_directvisits"": 119}",0,0
584,1,1,http://lupopedia.com/changelog.php,lupopedia.com,/changelog.php,202512,44,2,"{""legacy_pageurl"": ""http://lupopedia.com/changelog.php"", ""legacy_parentrec"": 171, ""legacy_department"": 1, ""legacy_levelvisits"": 22, ""legacy_directvisits"": 22}",0,0
585,1,1,http://lupopedia.com/wolfie_ladder,lupopedia.com,/wolfie_ladder,202512,297,2,"{""legacy_pageurl"": ""http://lupopedia.com/wolfie_ladder"", ""legacy_parentrec"": 171, ""legacy_department"": 1, ""legacy_levelvisits"": 164, ""legacy_directvisits"": 133}",0,0
586,1,1,http://lupopedia.com/craftysyntax/craftysyntax_changelog.php,lupopedia.com,/craftysyntax/craftysyntax_changelog.php,202512,60,3,"{""legacy_pageurl"": ""http://lupopedia.com/craftysyntax/craftysyntax_changelog.php"", ""legacy_parentrec"": 183, ""legacy_department"": 1, ""legacy_levelvisits"": 30, ""legacy_directvisits"": 30}",0,0
587,1,1,http://lupopedia.com/agents.php,lupopedia.com,/agents.php,202512,132,2,"{""legacy_pageurl"": ""http://lupopedia.com/agents.php"", ""legacy_parentrec"": 171, ""legacy_department"": 1, ""legacy_levelvisits"": 66, ""legacy_directvisits"": 66}",0,0
588,1,1,http://lupopedia.com/craftysyntax/crafty_syntax_evolved.php,lupopedia.com,/craftysyntax/crafty_syntax_evolved.php,202512,10,3,"{""legacy_pageurl"": ""http://lupopedia.com/craftysyntax/crafty_syntax_evolved.php"", ""legacy_parentrec"": 183, ""legacy_department"": 1, ""legacy_levelvisits"": 5, ""legacy_directvisits"": 5}",0,0
589,1,1,http://lupopedia.com/admin.php,lupopedia.com,/admin.php,202512,8,2,"{""legacy_pageurl"": ""http://lupopedia.com/admin.php"", ""legacy_parentrec"": 171, ""legacy_department"": 1, ""legacy_levelvisits"": 4, ""legacy_directvisits"": 4}",0,0
590,1,1,http://lupopedia.com/craftysyntax/lupopedia.php,lupopedia.com,/craftysyntax/lupopedia.php,202512,302,3,"{""legacy_pageurl"": ""http://lupopedia.com/craftysyntax/lupopedia.php"", ""legacy_parentrec"": 183, ""legacy_department"": 1, ""legacy_levelvisits"": 151, ""legacy_directvisits"": 151}",0,0
591,1,1,http://lupopedia.com/users.php,lupopedia.com,/users.php,202512,16,2,"{""legacy_pageurl"": ""http://lupopedia.com/users.php"", ""legacy_parentrec"": 171, ""legacy_department"": 1, ""legacy_levelvisits"": 8, ""legacy_directvisits"": 8}",0,0
592,1,1,http://lupopedia.com/channels.php,lupopedia.com,/channels.php,202512,24,2,"{""legacy_pageurl"": ""http://lupopedia.com/channels.php"", ""legacy_parentrec"": 171, ""legacy_department"": 1, ""legacy_levelvisits"": 12, ""legacy_directvisits"": 12}",0,0
593,1,1,http://lupopedia.com/events.php,lupopedia.com,/events.php,202512,14,2,"{""legacy_pageurl"": ""http://lupopedia.com/events.php"", ""legacy_parentrec"": 171, ""legacy_department"": 1, ""legacy_levelvisits"": 7, ""legacy_directvisits"": 7}",0,0
594,1,1,http://lupopedia.com/content.php,lupopedia.com,/content.php,202512,52,2,"{""legacy_pageurl"": ""http://lupopedia.com/content.php"", ""legacy_parentrec"": 171, ""legacy_department"": 1, ""legacy_levelvisits"": 26, ""legacy_directvisits"": 26}",0,0
595,1,1,http://lupopedia.com/questions.php,lupopedia.com,/questions.php,202512,52,2,"{""legacy_pageurl"": ""http://lupopedia.com/questions.php"", ""legacy_parentrec"": 171, ""legacy_department"": 1, ""legacy_levelvisits"": 26, ""legacy_directvisits"": 26}",0,0
596,1,1,http://lupopedia.com/register.php,lupopedia.com,/register.php,202512,4,2,"{""legacy_pageurl"": ""http://lupopedia.com/register.php"", ""legacy_parentrec"": 171, ""legacy_department"": 1, ""legacy_levelvisits"": 2, ""legacy_directvisits"": 2}",0,0
597,1,1,http://lupopedia.com/support.php,lupopedia.com,/support.php,202512,110,2,"{""legacy_pageurl"": ""http://lupopedia.com/support.php"", ""legacy_parentrec"": 171, ""legacy_department"": 1, ""legacy_levelvisits"": 55, ""legacy_directvisits"": 55}",0,0
598,1,1,http://lupopedia.com/wolfie_ladder/wolfith.php,lupopedia.com,/wolfie_ladder/wolfith.php,202512,14,3,"{""legacy_pageurl"": ""http://lupopedia.com/wolfie_ladder/wolfith.php"", ""legacy_parentrec"": 199, ""legacy_department"": 1, ""legacy_levelvisits"": 7, ""legacy_directvisits"": 7}",0,0
599,1,1,http://lupopedia.com/wolfie_ladder/index.php,lupopedia.com,/wolfie_ladder/index.php,202512,20,3,"{""legacy_pageurl"": ""http://lupopedia.com/wolfie_ladder/index.php"", ""legacy_parentrec"": 199, ""legacy_department"": 1, ""legacy_levelvisits"": 10, ""legacy_directvisits"": 10}",0,0
600,1,1,http://lupopedia.com/craftysyntax/lupopedia2.php,lupopedia.com,/craftysyntax/lupopedia2.php,202512,4,3,"{""legacy_pageurl"": ""http://lupopedia.com/craftysyntax/lupopedia2.php"", ""legacy_parentrec"": 183, ""legacy_department"": 1, ""legacy_levelvisits"": 2, ""legacy_directvisits"": 2}",0,0
601,1,1,http://lupopedia.com/craftysyntax/lupopedia3.php,lupopedia.com,/craftysyntax/lupopedia3.php,202512,4,3,"{""legacy_pageurl"": ""http://lupopedia.com/craftysyntax/lupopedia3.php"", ""legacy_parentrec"": 183, ""legacy_department"": 1, ""legacy_levelvisits"": 2, ""legacy_directvisits"": 2}",0,0
602,1,1,http://lupopedia.com/craftysyntax/lupopedia4.php,lupopedia.com,/craftysyntax/lupopedia4.php,202512,6,3,"{""legacy_pageurl"": ""http://lupopedia.com/craftysyntax/lupopedia4.php"", ""legacy_parentrec"": 183, ""legacy_department"": 1, ""legacy_levelvisits"": 3, ""legacy_directvisits"": 3}",0,0
603,1,1,http://lupopedia.com/members.php,lupopedia.com,/members.php,202512,6,2,"{""legacy_pageurl"": ""http://lupopedia.com/members.php"", ""legacy_parentrec"": 171, ""legacy_department"": 1, ""legacy_levelvisits"": 3, ""legacy_directvisits"": 3}",0,0
604,1,1,http://lupopedia.com/what_are_wolfie_headers.php,lupopedia.com,/what_are_wolfie_headers.php,202512,28,2,"{""legacy_pageurl"": ""http://lupopedia.com/what_are_wolfie_headers.php"", ""legacy_parentrec"": 171, ""legacy_department"": 1, ""legacy_levelvisits"": 14, ""legacy_directvisits"": 14}",0,0
605,1,1,http://lupopedia.com/support2.php,lupopedia.com,/support2.php,202512,10,2,"{""legacy_pageurl"": ""http://lupopedia.com/support2.php"", ""legacy_parentrec"": 171, ""legacy_department"": 1, ""legacy_levelvisits"": 5, ""legacy_directvisits"": 5}",0,0
606,1,1,http://lupopedia.com/what_is_lupopedia.php,lupopedia.com,/what_is_lupopedia.php,202512,16,2,"{""legacy_pageurl"": ""http://lupopedia.com/what_is_lupopedia.php"", ""legacy_parentrec"": 171, ""legacy_department"": 1, ""legacy_levelvisits"": 8, ""legacy_directvisits"": 8}",0,0
607,1,1,http://wisdomoflovingfaith.com,wisdomoflovingfaith.com,,202512,37,1,"{""legacy_pageurl"": ""http://wisdomoflovingfaith.com"", ""legacy_parentrec"": 0, ""legacy_department"": 1, ""legacy_levelvisits"": 20, ""legacy_directvisits"": 17}",0,0
608,1,1,http://wisdomoflovingfaith.com/agent_profile.php,wisdomoflovingfaith.com,/agent_profile.php,202512,4,2,"{""legacy_pageurl"": ""http://wisdomoflovingfaith.com/agent_profile.php"", ""legacy_parentrec"": 290, ""legacy_department"": 1, ""legacy_levelvisits"": 2, ""legacy_directvisits"": 2}",0,0
609,1,1,http://lupopedia.com/craftysyntax/#download,lupopedia.com,/craftysyntax/#download,202512,16,3,"{""legacy_pageurl"": ""http://lupopedia.com/craftysyntax/#download"", ""legacy_parentrec"": 183, ""legacy_department"": 1, ""legacy_levelvisits"": 8, ""legacy_directvisits"": 8}",0,0
610,1,1,http://lupopedia.com/account.php,lupopedia.com,/account.php,202512,8,2,"{""legacy_pageurl"": ""http://lupopedia.com/account.php"", ""legacy_parentrec"": 171, ""legacy_department"": 1, ""legacy_levelvisits"": 4, ""legacy_directvisits"": 4}",0,0
611,1,1,http://lupopedia.com/craftysyntax_changelog.php,lupopedia.com,/craftysyntax_changelog.php,202512,22,2,"{""legacy_pageurl"": ""http://lupopedia.com/craftysyntax_changelog.php"", ""legacy_parentrec"": 171, ""legacy_department"": 1, ""legacy_levelvisits"": 11, ""legacy_directvisits"": 11}",0,0
612,1,1,http://mail.wisdomoflovingfaith.com,mail.wisdomoflovingfaith.com,,202512,7,1,"{""legacy_pageurl"": ""http://mail.wisdomoflovingfaith.com"", ""legacy_parentrec"": 0, ""legacy_department"": 1, ""legacy_levelvisits"": 4, ""legacy_directvisits"": 3}",0,0
613,1,1,http://wisdomoflovingfaith.com.collaborativepages.com,wisdomoflovingfaith.com.collaborativepages.com,,202512,4,1,"{""legacy_pageurl"": ""http://wisdomoflovingfaith.com.collaborativepages.com"", ""legacy_parentrec"": 0, ""legacy_department"": 1, ""legacy_levelvisits"": 2, ""legacy_directvisits"": 2}",0,0
614,1,1,http://lupopedia.com/browse_collections.php,lupopedia.com,/browse_collections.php,202512,16,2,"{""legacy_pageurl"": ""http://lupopedia.com/browse_collections.php"", ""legacy_parentrec"": 171, ""legacy_department"": 1, ""legacy_levelvisits"": 8, ""legacy_directvisits"": 8}",0,0
615,1,1,http://lupopedia.com/wolfie_ladder/grok.php,lupopedia.com,/wolfie_ladder/grok.php,202512,6,3,"{""legacy_pageurl"": ""http://lupopedia.com/wolfie_ladder/grok.php"", ""legacy_parentrec"": 199, ""legacy_department"": 1, ""legacy_levelvisits"": 3, ""legacy_directvisits"": 3}",0,0
616,1,1,http://collaborativepages.com/who_is_portunus.php,collaborativepages.com,/who_is_portunus.php,202512,4,2,"{""legacy_pageurl"": ""http://collaborativepages.com/who_is_portunus.php"", ""legacy_parentrec"": 191, ""legacy_department"": 1, ""legacy_levelvisits"": 2, ""legacy_directvisits"": 2}",0,0
617,1,1,http://lupopedia.com/sot_collections.php,lupopedia.com,/sot_collections.php,202512,4,2,"{""legacy_pageurl"": ""http://lupopedia.com/sot_collections.php"", ""legacy_parentrec"": 171, ""legacy_department"": 1, ""legacy_levelvisits"": 2, ""legacy_directvisits"": 2}",0,0
618,1,1,http://lupopedia.com/crafty_syntax_evolved.php,lupopedia.com,/crafty_syntax_evolved.php,202512,4,2,"{""legacy_pageurl"": ""http://lupopedia.com/crafty_syntax_evolved.php"", ""legacy_parentrec"": 171, ""legacy_department"": 1, ""legacy_levelvisits"": 2, ""legacy_directvisits"": 2}",0,0
619,1,1,http://lupopedia.com/craftysyntax/#legacy,lupopedia.com,/craftysyntax/#legacy,202512,8,3,"{""legacy_pageurl"": ""http://lupopedia.com/craftysyntax/#legacy"", ""legacy_parentrec"": 183, ""legacy_department"": 1, ""legacy_levelvisits"": 4, ""legacy_directvisits"": 4}",0,0
620,1,1,http://lupopedia.com/officehours.php,lupopedia.com,/officehours.php,202512,60,2,"{""legacy_pageurl"": ""http://lupopedia.com/officehours.php"", ""legacy_parentrec"": 171, ""legacy_department"": 1, ""legacy_levelvisits"": 30, ""legacy_directvisits"": 30}",0,0
621,1,1,http://lupopedia.com/wall.php,lupopedia.com,/wall.php,202512,8,2,"{""legacy_pageurl"": ""http://lupopedia.com/wall.php"", ""legacy_parentrec"": 171, ""legacy_department"": 1, ""legacy_levelvisits"": 4, ""legacy_directvisits"": 4}",0,0
622,1,1,http://lupopedia.com/craftysyntax/planfor_next_version_craftysyntax.php,lupopedia.com,/craftysyntax/planfor_next_version_craftysyntax.php,202512,30,3,"{""legacy_pageurl"": ""http://lupopedia.com/craftysyntax/planfor_next_version_craftysyntax.php"", ""legacy_parentrec"": 183, ""legacy_department"": 1, ""legacy_levelvisits"": 15, ""legacy_directvisits"": 15}",0,0
623,1,1,http://lupopedia.com/crafty_syntax_research.php,lupopedia.com,/crafty_syntax_research.php,202512,6,2,"{""legacy_pageurl"": ""http://lupopedia.com/crafty_syntax_research.php"", ""legacy_parentrec"": 171, ""legacy_department"": 1, ""legacy_levelvisits"": 3, ""legacy_directvisits"": 3}",0,0
624,1,1,http://lupopedia.com/special.php,lupopedia.com,/special.php,202512,8,2,"{""legacy_pageurl"": ""http://lupopedia.com/special.php"", ""legacy_parentrec"": 171, ""legacy_department"": 1, ""legacy_levelvisits"": 4, ""legacy_directvisits"": 4}",0,0
625,1,1,http://lupopedia.com/executive_summary.php,lupopedia.com,/executive_summary.php,202512,8,2,"{""legacy_pageurl"": ""http://lupopedia.com/executive_summary.php"", ""legacy_parentrec"": 171, ""legacy_department"": 1, ""legacy_levelvisits"": 4, ""legacy_directvisits"": 4}",0,0
626,1,1,http://lupopedia.com/planfor_next_version_craftysyntax.php,lupopedia.com,/planfor_next_version_craftysyntax.php,202512,8,2,"{""legacy_pageurl"": ""http://lupopedia.com/planfor_next_version_craftysyntax.php"", ""legacy_parentrec"": 171, ""legacy_department"": 1, ""legacy_levelvisits"": 4, ""legacy_directvisits"": 4}",0,0
627,1,1,http://lupopedia.com/terms.php,lupopedia.com,/terms.php,202512,4,2,"{""legacy_pageurl"": ""http://lupopedia.com/terms.php"", ""legacy_parentrec"": 171, ""legacy_department"": 1, ""legacy_levelvisits"": 2, ""legacy_directvisits"": 2}",0,0
628,1,1,http://lupopedia.com/the_wolfie_way.php,lupopedia.com,/the_wolfie_way.php,202512,4,2,"{""legacy_pageurl"": ""http://lupopedia.com/the_wolfie_way.php"", ""legacy_parentrec"": 171, ""legacy_department"": 1, ""legacy_levelvisits"": 2, ""legacy_directvisits"": 2}",0,0
629,1,1,http://lupopedia.com/what_is_the_lupopedia_dialog_system.php,lupopedia.com,/what_is_the_lupopedia_dialog_system.php,202512,10,2,"{""legacy_pageurl"": ""http://lupopedia.com/what_is_the_lupopedia_dialog_system.php"", ""legacy_parentrec"": 171, ""legacy_department"": 1, ""legacy_levelvisits"": 5, ""legacy_directvisits"": 5}",0,0
630,1,1,http://lupopedia.com/funding_options.php,lupopedia.com,/funding_options.php,202512,10,2,"{""legacy_pageurl"": ""http://lupopedia.com/funding_options.php"", ""legacy_parentrec"": 171, ""legacy_department"": 1, ""legacy_levelvisits"": 5, ""legacy_directvisits"": 5}",0,0
631,1,1,http://lupopedia.com/what_is_mood_color.php,lupopedia.com,/what_is_mood_color.php,202512,26,2,"{""legacy_pageurl"": ""http://lupopedia.com/what_is_mood_color.php"", ""legacy_parentrec"": 171, ""legacy_department"": 1, ""legacy_levelvisits"": 13, ""legacy_directvisits"": 13}",0,0
632,1,1,http://lupopedia.com/messages.php,lupopedia.com,/messages.php,202512,10,2,"{""legacy_pageurl"": ""http://lupopedia.com/messages.php"", ""legacy_parentrec"": 171, ""legacy_department"": 1, ""legacy_levelvisits"": 5, ""legacy_directvisits"": 5}",0,0
633,1,1,http://lupopedia.com/craftysyntax/new_index.htm,lupopedia.com,/craftysyntax/new_index.htm,202512,4,3,"{""legacy_pageurl"": ""http://lupopedia.com/craftysyntax/new_index.htm"", ""legacy_parentrec"": 183, ""legacy_department"": 1, ""legacy_levelvisits"": 2, ""legacy_directvisits"": 2}",0,0
634,1,1,http://lupopedia.com/craftysyntax/#news,lupopedia.com,/craftysyntax/#news,202512,14,3,"{""legacy_pageurl"": ""http://lupopedia.com/craftysyntax/#news"", ""legacy_parentrec"": 183, ""legacy_department"": 1, ""legacy_levelvisits"": 7, ""legacy_directvisits"": 7}",0,0
635,1,1,http://lupopedia.com/craftysyntax/#future-roadmap,lupopedia.com,/craftysyntax/#future-roadmap,202512,4,3,"{""legacy_pageurl"": ""http://lupopedia.com/craftysyntax/#future-roadmap"", ""legacy_parentrec"": 183, ""legacy_department"": 1, ""legacy_levelvisits"": 2, ""legacy_directvisits"": 2}",0,0
636,1,1,http://mail.lupopedia.com,mail.lupopedia.com,,202512,10,1,"{""legacy_pageurl"": ""http://mail.lupopedia.com"", ""legacy_parentrec"": 0, ""legacy_department"": 1, ""legacy_levelvisits"": 5, ""legacy_directvisits"": 5}",0,0
637,1,1,http://lupopedia.com,lupopedia.com,,202601,590,1,"{""legacy_pageurl"": ""http://lupopedia.com"", ""legacy_parentrec"": 0, ""legacy_department"": 1, ""legacy_levelvisits"": 436, ""legacy_directvisits"": 154}",0,0
638,1,1,http://lupopedia.com/agents.php,lupopedia.com,/agents.php,202601,64,2,"{""legacy_pageurl"": ""http://lupopedia.com/agents.php"", ""legacy_parentrec"": 409, ""legacy_department"": 1, ""legacy_levelvisits"": 32, ""legacy_directvisits"": 32}",0,0
639,1,1,http://lupopedia.com/agent_profile.php,lupopedia.com,/agent_profile.php,202601,78,2,"{""legacy_pageurl"": ""http://lupopedia.com/agent_profile.php"", ""legacy_parentrec"": 409, ""legacy_department"": 1, ""legacy_levelvisits"": 39, ""legacy_directvisits"": 39}",0,0
640,1,1,http://lupopedia.com/craftysyntax,lupopedia.com,/craftysyntax,202601,223,2,"{""legacy_pageurl"": ""http://lupopedia.com/craftysyntax"", ""legacy_parentrec"": 409, ""legacy_department"": 1, ""legacy_levelvisits"": 122, ""legacy_directvisits"": 101}",0,0
641,1,1,http://lupopedia.com/craftysyntax/craftysyntax_changelog.php,lupopedia.com,/craftysyntax/craftysyntax_changelog.php,202601,10,3,"{""legacy_pageurl"": ""http://lupopedia.com/craftysyntax/craftysyntax_changelog.php"", ""legacy_parentrec"": 413, ""legacy_department"": 1, ""legacy_levelvisits"": 5, ""legacy_directvisits"": 5}",0,0
642,1,1,http://lupopedia.com/craftysyntax/planfor_next_version_craftysyntax.php,lupopedia.com,/craftysyntax/planfor_next_version_craftysyntax.php,202601,8,3,"{""legacy_pageurl"": ""http://lupopedia.com/craftysyntax/planfor_next_version_craftysyntax.php"", ""legacy_parentrec"": 413, ""legacy_department"": 1, ""legacy_levelvisits"": 4, ""legacy_directvisits"": 4}",0,0
643,1,1,http://mail.lupopedia.com,mail.lupopedia.com,,202601,12,1,"{""legacy_pageurl"": ""http://mail.lupopedia.com"", ""legacy_parentrec"": 0, ""legacy_department"": 1, ""legacy_levelvisits"": 6, ""legacy_directvisits"": 6}",0,0
644,1,1,http://lupopedia.com/questions.php,lupopedia.com,/questions.php,202601,20,2,"{""legacy_pageurl"": ""http://lupopedia.com/questions.php"", ""legacy_parentrec"": 409, ""legacy_department"": 1, ""legacy_levelvisits"": 10, ""legacy_directvisits"": 10}",0,0
645,1,1,http://mail.collaborativepages.com,mail.collaborativepages.com,,202601,6,1,"{""legacy_pageurl"": ""http://mail.collaborativepages.com"", ""legacy_parentrec"": 0, ""legacy_department"": 1, ""legacy_levelvisits"": 3, ""legacy_directvisits"": 3}",0,0
646,1,1,http://collaborativepages.com,collaborativepages.com,,202601,55,1,"{""legacy_pageurl"": ""http://collaborativepages.com"", ""legacy_parentrec"": 0, ""legacy_department"": 1, ""legacy_levelvisits"": 32, ""legacy_directvisits"": 23}",0,0
647,1,1,http://lupopedia.com/craftysyntax_changelog.php,lupopedia.com,/craftysyntax_changelog.php,202601,10,2,"{""legacy_pageurl"": ""http://lupopedia.com/craftysyntax_changelog.php"", ""legacy_parentrec"": 409, ""legacy_department"": 1, ""legacy_levelvisits"": 5, ""legacy_directvisits"": 5}",0,0
648,1,1,http://lupopedia.com/search.php,lupopedia.com,/search.php,202601,12,2,"{""legacy_pageurl"": ""http://lupopedia.com/search.php"", ""legacy_parentrec"": 409, ""legacy_department"": 1, ""legacy_levelvisits"": 6, ""legacy_directvisits"": 6}",0,0
649,1,1,http://lupopedia.com/changelog.php,lupopedia.com,/changelog.php,202601,6,2,"{""legacy_pageurl"": ""http://lupopedia.com/changelog.php"", ""legacy_parentrec"": 409, ""legacy_department"": 1, ""legacy_levelvisits"": 3, ""legacy_directvisits"": 3}",0,0
650,1,1,http://lupopedia.com/craftysyntax/#distribution,lupopedia.com,/craftysyntax/#distribution,202601,2,3,"{""legacy_pageurl"": ""http://lupopedia.com/craftysyntax/#distribution"", ""legacy_parentrec"": 413, ""legacy_department"": 1, ""legacy_levelvisits"": 1, ""legacy_directvisits"": 1}",0,0
651,1,1,http://lupopedia.com/system_features.php,lupopedia.com,/system_features.php,202601,2,2,"{""legacy_pageurl"": ""http://lupopedia.com/system_features.php"", ""legacy_parentrec"": 409, ""legacy_department"": 1, ""legacy_levelvisits"": 1, ""legacy_directvisits"": 1}",0,0
652,1,1,http://lupopedia.com/what_is_wolfie_headers.php,lupopedia.com,/what_is_wolfie_headers.php,202601,2,2,"{""legacy_pageurl"": ""http://lupopedia.com/what_is_wolfie_headers.php"", ""legacy_parentrec"": 409, ""legacy_department"": 1, ""legacy_levelvisits"": 1, ""legacy_directvisits"": 1}",0,0
653,1,1,http://lupopedia.com/executive_summary.php,lupopedia.com,/executive_summary.php,202601,2,2,"{""legacy_pageurl"": ""http://lupopedia.com/executive_summary.php"", ""legacy_parentrec"": 409, ""legacy_department"": 1, ""legacy_levelvisits"": 1, ""legacy_directvisits"": 1}",0,0
654,1,1,http://lupopedia.com/topics.php,lupopedia.com,/topics.php,202601,2,2,"{""legacy_pageurl"": ""http://lupopedia.com/topics.php"", ""legacy_parentrec"": 409, ""legacy_department"": 1, ""legacy_levelvisits"": 1, ""legacy_directvisits"": 1}",0,0
655,1,1,http://lupopedia.com/privacy.php,lupopedia.com,/privacy.php,202601,2,2,"{""legacy_pageurl"": ""http://lupopedia.com/privacy.php"", ""legacy_parentrec"": 409, ""legacy_department"": 1, ""legacy_levelvisits"": 1, ""legacy_directvisits"": 1}",0,0
656,1,1,http://lupopedia.com/support.php,lupopedia.com,/support.php,202601,24,2,"{""legacy_pageurl"": ""http://lupopedia.com/support.php"", ""legacy_parentrec"": 409, ""legacy_department"": 1, ""legacy_levelvisits"": 12, ""legacy_directvisits"": 12}",0,0
657,1,1,http://lupopedia.com/directory.php,lupopedia.com,/directory.php,202601,2,2,"{""legacy_pageurl"": ""http://lupopedia.com/directory.php"", ""legacy_parentrec"": 409, ""legacy_department"": 1, ""legacy_levelvisits"": 1, ""legacy_directvisits"": 1}",0,0
658,1,1,http://lupopedia.com/channels.php,lupopedia.com,/channels.php,202601,4,2,"{""legacy_pageurl"": ""http://lupopedia.com/channels.php"", ""legacy_parentrec"": 409, ""legacy_department"": 1, ""legacy_levelvisits"": 2, ""legacy_directvisits"": 2}",0,0
659,1,1,http://lupopedia.com/events.php,lupopedia.com,/events.php,202601,4,2,"{""legacy_pageurl"": ""http://lupopedia.com/events.php"", ""legacy_parentrec"": 409, ""legacy_department"": 1, ""legacy_levelvisits"": 2, ""legacy_directvisits"": 2}",0,0
660,1,1,http://lupopedia.com/browse_collections.php,lupopedia.com,/browse_collections.php,202601,4,2,"{""legacy_pageurl"": ""http://lupopedia.com/browse_collections.php"", ""legacy_parentrec"": 409, ""legacy_department"": 1, ""legacy_levelvisits"": 2, ""legacy_directvisits"": 2}",0,0
661,1,1,http://lupopedia.com/users.php,lupopedia.com,/users.php,202601,4,2,"{""legacy_pageurl"": ""http://lupopedia.com/users.php"", ""legacy_parentrec"": 409, ""legacy_department"": 1, ""legacy_levelvisits"": 2, ""legacy_directvisits"": 2}",0,0
662,1,1,http://lupopedia.com/login.php,lupopedia.com,/login.php,202601,4,2,"{""legacy_pageurl"": ""http://lupopedia.com/login.php"", ""legacy_parentrec"": 409, ""legacy_department"": 1, ""legacy_levelvisits"": 2, ""legacy_directvisits"": 2}",0,0
663,1,1,http://lupopedia.com/wolfie_ladder,lupopedia.com,/wolfie_ladder,202601,4,2,"{""legacy_pageurl"": ""http://lupopedia.com/wolfie_ladder"", ""legacy_parentrec"": 409, ""legacy_department"": 1, ""legacy_levelvisits"": 2, ""legacy_directvisits"": 2}",0,0
664,1,1,http://lupopedia.com/wolfie_ladder?fbclid=IwZXh0bgNhZW0CMTEAc3J0YwZhcHBfaWQMMzUwNjg1NTMxNzI4AAEedih1BFGtRGYOTcsnKIj1idTucYEl_XhfUhT0jEgwbngbl3Wkz57sl1T0SUs_aem_0gN-07gAOLh9Qz-qOQSWKQ,lupopedia.com,/wolfie_ladder?fbclid=IwZXh0bgNhZW0CMTEAc3J0YwZhcHBfaWQMMzUwNjg1NTMxNzI4AAEedih1BFGtRGYOTcsnKIj1idTucYEl_XhfUhT0jEgwbngbl3Wkz57sl1T0SUs_aem_0gN-07gAOLh9Qz-qOQSWKQ,202601,0,3,"{""legacy_pageurl"": ""http://lupopedia.com/wolfie_ladder?fbclid=IwZXh0bgNhZW0CMTEAc3J0YwZhcHBfaWQMMzUwNjg1NTMxNzI4AAEedih1BFGtRGYOTcsnKIj1idTucYEl_XhfUhT0jEgwbngbl3Wkz57sl1T0SUs_aem_0gN-07gAOLh9Qz-qOQSWKQ"", ""legacy_parentrec"": 447, ""legacy_department"": 1, ""legacy_levelvisits"": 0, ""legacy_directvisits"": 0}",0,0
665,1,1,http://lupopedia.com?utm_source=poweredby&utm_campaign=poweredby,lupopedia.com?utm_source=poweredby&utm_campaign=poweredby,,202601,0,2,"{""legacy_pageurl"": ""http://lupopedia.com?utm_source=poweredby&utm_campaign=poweredby"", ""legacy_parentrec"": 409, ""legacy_department"": 1, ""legacy_levelvisits"": 0, ""legacy_directvisits"": 0}",0,0
666,1,1,http://lupopedia.com/wolfie_ladder?fbclid=IwZXh0bgNhZW0CMTEAc3J0YwZhcHBfaWQMMzUwNjg1NTMxNzI4AAEedih1BFGtRGYOTcsnKIj1idTucYEl_XhfUhT0jEgwbngbl3Wkz57sl1T0SUs_aem_0gN-07gAOLh9Qz-qOQSWKQ,lupopedia.com,/wolfie_ladder?fbclid=IwZXh0bgNhZW0CMTEAc3J0YwZhcHBfaWQMMzUwNjg1NTMxNzI4AAEedih1BFGtRGYOTcsnKIj1idTucYEl_XhfUhT0jEgwbngbl3Wkz57sl1T0SUs_aem_0gN-07gAOLh9Qz-qOQSWKQ,202601,0,3,"{""legacy_pageurl"": ""http://lupopedia.com/wolfie_ladder?fbclid=IwZXh0bgNhZW0CMTEAc3J0YwZhcHBfaWQMMzUwNjg1NTMxNzI4AAEedih1BFGtRGYOTcsnKIj1idTucYEl_XhfUhT0jEgwbngbl3Wkz57sl1T0SUs_aem_0gN-07gAOLh9Qz-qOQSWKQ"", ""legacy_parentrec"": 447, ""legacy_department"": 1, ""legacy_levelvisits"": 0, ""legacy_directvisits"": 0}",0,0
667,1,1,http://lupopedia.com?utm_source=poweredby&utm_campaign=poweredby,lupopedia.com?utm_source=poweredby&utm_campaign=poweredby,,202601,0,2,"{""legacy_pageurl"": ""http://lupopedia.com?utm_source=poweredby&utm_campaign=poweredby"", ""legacy_parentrec"": 409, ""legacy_department"": 1, ""legacy_levelvisits"": 0, ""legacy_directvisits"": 0}",0,0
668,1,1,http://lupopedia.com/agent_profile.php?id=10,lupopedia.com,/agent_profile.php?id=10,202601,0,3,"{""legacy_pageurl"": ""http://lupopedia.com/agent_profile.php?id=10"", ""legacy_parentrec"": 411, ""legacy_department"": 1, ""legacy_levelvisits"": 0, ""legacy_directvisits"": 0}",0,0
669,1,1,http://lupopedia.com/agent_profile.php?id=9,lupopedia.com,/agent_profile.php?id=9,202601,0,3,"{""legacy_pageurl"": ""http://lupopedia.com/agent_profile.php?id=9"", ""legacy_parentrec"": 411, ""legacy_department"": 1, ""legacy_levelvisits"": 0, ""legacy_directvisits"": 0}",0,0
670,1,1,http://lupopedia.com/craftysyntax/#howto,lupopedia.com,/craftysyntax/#howto,202601,2,3,"{""legacy_pageurl"": ""http://lupopedia.com/craftysyntax/#howto"", ""legacy_parentrec"": 413, ""legacy_department"": 1, ""legacy_levelvisits"": 1, ""legacy_directvisits"": 1}",0,0
671,1,1,http://lupopedia.com/craftysyntax/#download,lupopedia.com,/craftysyntax/#download,202601,2,3,"{""legacy_pageurl"": ""http://lupopedia.com/craftysyntax/#download"", ""legacy_parentrec"": 413, ""legacy_department"": 1, ""legacy_levelvisits"": 1, ""legacy_directvisits"": 1}",0,0
672,1,1,http://lupopedia.com/index.php,lupopedia.com,/index.php,202601,10,2,"{""legacy_pageurl"": ""http://lupopedia.com/index.php"", ""legacy_parentrec"": 409, ""legacy_department"": 1, ""legacy_levelvisits"": 5, ""legacy_directvisits"": 5}",0,0
673,1,1,http://lupopedia.com/craftysyntax/#news,lupopedia.com,/craftysyntax/#news,202601,6,3,"{""legacy_pageurl"": ""http://lupopedia.com/craftysyntax/#news"", ""legacy_parentrec"": 413, ""legacy_department"": 1, ""legacy_levelvisits"": 3, ""legacy_directvisits"": 3}",0,0
674,1,1,http://lupopedia.com/agent_profile.php?id=10,lupopedia.com,/agent_profile.php?id=10,202601,0,3,"{""legacy_pageurl"": ""http://lupopedia.com/agent_profile.php?id=10"", ""legacy_parentrec"": 411, ""legacy_department"": 1, ""legacy_levelvisits"": 0, ""legacy_directvisits"": 0}",0,0
675,1,1,http://lupopedia.com/craftysyntax/lupopedia.php,lupopedia.com,/craftysyntax/lupopedia.php,202601,2,3,"{""legacy_pageurl"": ""http://lupopedia.com/craftysyntax/lupopedia.php"", ""legacy_parentrec"": 413, ""legacy_department"": 1, ""legacy_levelvisits"": 1, ""legacy_directvisits"": 1}",0,0
676,1,1,http://lupopedia.com/agent_profile.php?id=69,lupopedia.com,/agent_profile.php?id=69,202601,0,3,"{""legacy_pageurl"": ""http://lupopedia.com/agent_profile.php?id=69"", ""legacy_parentrec"": 411, ""legacy_department"": 1, ""legacy_levelvisits"": 0, ""legacy_directvisits"": 0}",0,0
677,1,1,http://lupopedia.com/agent_profile.php?id=10,lupopedia.com,/agent_profile.php?id=10,202601,0,3,"{""legacy_pageurl"": ""http://lupopedia.com/agent_profile.php?id=10"", ""legacy_parentrec"": 411, ""legacy_department"": 1, ""legacy_levelvisits"": 0, ""legacy_directvisits"": 0}",0,0
678,1,1,http://lupopedia.com/craftysyntax/#challenge,lupopedia.com,/craftysyntax/#challenge,202601,4,3,"{""legacy_pageurl"": ""http://lupopedia.com/craftysyntax/#challenge"", ""legacy_parentrec"": 413, ""legacy_department"": 1, ""legacy_levelvisits"": 2, ""legacy_directvisits"": 2}",0,0
679,1,1,http://collaborativepages.com/what_are_wolfie_headers.php,collaborativepages.com,/what_are_wolfie_headers.php,202601,4,2,"{""legacy_pageurl"": ""http://collaborativepages.com/what_are_wolfie_headers.php"", ""legacy_parentrec"": 422, ""legacy_department"": 1, ""legacy_levelvisits"": 2, ""legacy_directvisits"": 2}",0,0
680,1,1,http://lupopedia.com/members.php,lupopedia.com,/members.php,202601,2,2,"{""legacy_pageurl"": ""http://lupopedia.com/members.php"", ""legacy_parentrec"": 409, ""legacy_department"": 1, ""legacy_levelvisits"": 1, ""legacy_directvisits"": 1}",0,0
681,1,1,http://lupopedia.com/questions.php?tab=what&search=mobile,lupopedia.com,/questions.php?tab=what&search=mobile,202601,0,3,"{""legacy_pageurl"": ""http://lupopedia.com/questions.php?tab=what&search=mobile"", ""legacy_parentrec"": 419, ""legacy_department"": 1, ""legacy_levelvisits"": 0, ""legacy_directvisits"": 0}",0,0
682,1,1,http://collaborativepages.com/who_is_wolfie.php,collaborativepages.com,/who_is_wolfie.php,202601,2,2,"{""legacy_pageurl"": ""http://collaborativepages.com/who_is_wolfie.php"", ""legacy_parentrec"": 422, ""legacy_department"": 1, ""legacy_levelvisits"": 1, ""legacy_directvisits"": 1}",0,0
683,1,1,http://lupopedia.com/account.php,lupopedia.com,/account.php,202601,4,2,"{""legacy_pageurl"": ""http://lupopedia.com/account.php"", ""legacy_parentrec"": 409, ""legacy_department"": 1, ""legacy_levelvisits"": 2, ""legacy_directvisits"": 2}",0,0
684,1,1,http://lupopedia.com/account.php?v=3.7.5&d=&h=cripto2029.com,lupopedia.com,/account.php?v=3.7.5&d=&h=cripto2029.com,202601,0,3,"{""legacy_pageurl"": ""http://lupopedia.com/account.php?v=3.7.5&d=&h=cripto2029.com"", ""legacy_parentrec"": 467, ""legacy_department"": 1, ""legacy_levelvisits"": 0, ""legacy_directvisits"": 0}",0,0
685,1,1,http://lupopedia.com?utm_source=poweredby&utm_campaign=poweredby,lupopedia.com?utm_source=poweredby&utm_campaign=poweredby,,202601,0,2,"{""legacy_pageurl"": ""http://lupopedia.com?utm_source=poweredby&utm_campaign=poweredby"", ""legacy_parentrec"": 409, ""legacy_department"": 1, ""legacy_levelvisits"": 0, ""legacy_directvisits"": 0}",0,0
686,1,1,http://lupopedia.com/craftysyntax/#innovations,lupopedia.com,/craftysyntax/#innovations,202601,2,3,"{""legacy_pageurl"": ""http://lupopedia.com/craftysyntax/#innovations"", ""legacy_parentrec"": 413, ""legacy_department"": 1, ""legacy_levelvisits"": 1, ""legacy_directvisits"": 1}",0,0
687,1,1,http://lupopedia.com/support.php?v=3.7.5&d=&h=www.abol.us,lupopedia.com,/support.php?v=3.7.5&d=&h=www.abol.us,202601,0,3,"{""legacy_pageurl"": ""http://lupopedia.com/support.php?v=3.7.5&d=&h=www.abol.us"", ""legacy_parentrec"": 440, ""legacy_department"": 1, ""legacy_levelvisits"": 0, ""legacy_directvisits"": 0}",0,0
688,1,1,http://lupopedia.com/craftysyntax/#legacy,lupopedia.com,/craftysyntax/#legacy,202601,2,3,"{""legacy_pageurl"": ""http://lupopedia.com/craftysyntax/#legacy"", ""legacy_parentrec"": 413, ""legacy_department"": 1, ""legacy_levelvisits"": 1, ""legacy_directvisits"": 1}",0,0
689,1,1,http://lupopedia.com/goopers,lupopedia.com,/goopers,202601,2,2,"{""legacy_pageurl"": ""http://lupopedia.com/goopers"", ""legacy_parentrec"": 409, ""legacy_department"": 1, ""legacy_levelvisits"": 1, ""legacy_directvisits"": 1}",0,0
690,1,1,http://collaborativepages.com/officehours.php,collaborativepages.com,/officehours.php,202601,2,2,"{""legacy_pageurl"": ""http://collaborativepages.com/officehours.php"", ""legacy_parentrec"": 422, ""legacy_department"": 1, ""legacy_levelvisits"": 1, ""legacy_directvisits"": 1}",0,0
691,1,1,http://collaborativepages.com/terms.php,collaborativepages.com,/terms.php,202601,2,2,"{""legacy_pageurl"": ""http://collaborativepages.com/terms.php"", ""legacy_parentrec"": 422, ""legacy_department"": 1, ""legacy_levelvisits"": 1, ""legacy_directvisits"": 1}",0,0
692,1,1,http://collaborativepages.com/questions.php,collaborativepages.com,/questions.php,202601,2,2,"{""legacy_pageurl"": ""http://collaborativepages.com/questions.php"", ""legacy_parentrec"": 422, ""legacy_department"": 1, ""legacy_levelvisits"": 1, ""legacy_directvisits"": 1}",0,0
693,1,1,http://collaborativepages.com/content.php,collaborativepages.com,/content.php,202601,2,2,"{""legacy_pageurl"": ""http://collaborativepages.com/content.php"", ""legacy_parentrec"": 422, ""legacy_department"": 1, ""legacy_levelvisits"": 1, ""legacy_directvisits"": 1}",0,0
694,1,1,http://lupopedia.com/content.php,lupopedia.com,/content.php,202601,2,2,"{""legacy_pageurl"": ""http://lupopedia.com/content.php"", ""legacy_parentrec"": 409, ""legacy_department"": 1, ""legacy_levelvisits"": 1, ""legacy_directvisits"": 1}",0,0
695,1,1,http://lupopedia.com/content.php?id=1&referingtable=sot_do&refering_id=1,lupopedia.com,/content.php?id=1&referingtable=sot_do&refering_id=1,202601,0,3,"{""legacy_pageurl"": ""http://lupopedia.com/content.php?id=1&referingtable=sot_do&refering_id=1"", ""legacy_parentrec"": 478, ""legacy_department"": 1, ""legacy_levelvisits"": 0, ""legacy_directvisits"": 0}",0,0
696,1,1,http://lupopedia.com/account.php?v=3.7.3&d=&h=syntax.storage.consulting,lupopedia.com,/account.php?v=3.7.3&d=&h=syntax.storage.consulting,202601,0,3,"{""legacy_pageurl"": ""http://lupopedia.com/account.php?v=3.7.3&d=&h=syntax.storage.consulting"", ""legacy_parentrec"": 467, ""legacy_department"": 1, ""legacy_levelvisits"": 0, ""legacy_directvisits"": 0}",0,0
697,1,1,http://collaborativepages.com/agents.php,collaborativepages.com,/agents.php,202601,2,2,"{""legacy_pageurl"": ""http://collaborativepages.com/agents.php"", ""legacy_parentrec"": 422, ""legacy_department"": 1, ""legacy_levelvisits"": 1, ""legacy_directvisits"": 1}",0,0
698,1,1,http://lupopedia.com/temporary_index.html,lupopedia.com,/temporary_index.html,202601,8,2,"{""legacy_pageurl"": ""http://lupopedia.com/temporary_index.html"", ""legacy_parentrec"": 409, ""legacy_department"": 1, ""legacy_levelvisits"": 4, ""legacy_directvisits"": 4}",0,0
699,1,1,http://lupopedia.com/temporary_index.html#start-here,lupopedia.com,/temporary_index.html#start-here,202601,2,2,"{""legacy_pageurl"": ""http://lupopedia.com/temporary_index.html#start-here"", ""legacy_parentrec"": 409, ""legacy_department"": 1, ""legacy_levelvisits"": 1, ""legacy_directvisits"": 1}",0,0
700,1,1,http://lupopedia.com/#start-here,lupopedia.com,/#start-here,202601,4,2,"{""legacy_pageurl"": ""http://lupopedia.com/#start-here"", ""legacy_parentrec"": 409, ""legacy_department"": 1, ""legacy_levelvisits"": 2, ""legacy_directvisits"": 2}",0,0
701,1,1,http://lupopedia.com/#why-matters-ai,lupopedia.com,/#why-matters-ai,202601,2,2,"{""legacy_pageurl"": ""http://lupopedia.com/#why-matters-ai"", ""legacy_parentrec"": 409, ""legacy_department"": 1, ""legacy_levelvisits"": 1, ""legacy_directvisits"": 1}",0,0
702,1,1,http://collaborativepages.com/browse_collections.php,collaborativepages.com,/browse_collections.php,202601,2,2,"{""legacy_pageurl"": ""http://collaborativepages.com/browse_collections.php"", ""legacy_parentrec"": 422, ""legacy_department"": 1, ""legacy_levelvisits"": 1, ""legacy_directvisits"": 1}",0,0
703,1,1,http://collaborativepages.com/browse_collections.php?tab=featured,collaborativepages.com,/browse_collections.php?tab=featured,202601,0,3,"{""legacy_pageurl"": ""http://collaborativepages.com/browse_collections.php?tab=featured"", ""legacy_parentrec"": 486, ""legacy_department"": 1, ""legacy_levelvisits"": 0, ""legacy_directvisits"": 0}",0,0
704,1,1,http://lupopedia.com/messages.php,lupopedia.com,/messages.php,202601,2,2,"{""legacy_pageurl"": ""http://lupopedia.com/messages.php"", ""legacy_parentrec"": 409, ""legacy_department"": 1, ""legacy_levelvisits"": 1, ""legacy_directvisits"": 1}",0,0
705,1,1,http://lupopedia.com/events.php?content_id=1,lupopedia.com,/events.php?content_id=1,202601,0,3,"{""legacy_pageurl"": ""http://lupopedia.com/events.php?content_id=1"", ""legacy_parentrec"": 443, ""legacy_department"": 1, ""legacy_levelvisits"": 0, ""legacy_directvisits"": 0}",0,0
706,1,1,http://lupopedia.com/#crafty-syntax-return,lupopedia.com,/#crafty-syntax-return,202601,2,2,"{""legacy_pageurl"": ""http://lupopedia.com/#crafty-syntax-return"", ""legacy_parentrec"": 409, ""legacy_department"": 1, ""legacy_levelvisits"": 1, ""legacy_directvisits"": 1}",0,0
707,1,1,http://lupopedia.com/index.html,lupopedia.com,/index.html,202601,2,2,"{""legacy_pageurl"": ""http://lupopedia.com/index.html"", ""legacy_parentrec"": 409, ""legacy_department"": 1, ""legacy_levelvisits"": 1, ""legacy_directvisits"": 1}",0,0
708,1,1,http://lupopedia.com/#tldr-section,lupopedia.com,/#tldr-section,202601,4,2,"{""legacy_pageurl"": ""http://lupopedia.com/#tldr-section"", ""legacy_parentrec"": 409, ""legacy_department"": 1, ""legacy_levelvisits"": 2, ""legacy_directvisits"": 2}",0,0
709,1,1,http://lupopedia.com/files.php,lupopedia.com,/files.php,202601,2,2,"{""legacy_pageurl"": ""http://lupopedia.com/files.php"", ""legacy_parentrec"": 409, ""legacy_department"": 1, ""legacy_levelvisits"": 1, ""legacy_directvisits"": 1}",0,0
710,1,1,http://lupopedia.com,lupopedia.com,,202602,194,1,"{""legacy_pageurl"": ""http://lupopedia.com"", ""legacy_parentrec"": 0, ""legacy_department"": 1, ""legacy_levelvisits"": 160, ""legacy_directvisits"": 34}",0,0
711,1,1,http://lupopedia.com?utm_source=poweredby&utm_campaign=poweredby,lupopedia.com?utm_source=poweredby&utm_campaign=poweredby,,202602,0,2,"{""legacy_pageurl"": ""http://lupopedia.com?utm_source=poweredby&utm_campaign=poweredby"", ""legacy_parentrec"": 494, ""legacy_department"": 1, ""legacy_levelvisits"": 0, ""legacy_directvisits"": 0}",0,0
712,1,1,http://lupopedia.com/craftysyntax/craftysyntax_changelog.php,lupopedia.com,/craftysyntax/craftysyntax_changelog.php,202602,2,3,"{""legacy_pageurl"": ""http://lupopedia.com/craftysyntax/craftysyntax_changelog.php"", ""legacy_parentrec"": 495, ""legacy_department"": 1, ""legacy_levelvisits"": 1, ""legacy_directvisits"": 1}",0,0
713,1,1,http://lupopedia.com/support.php,lupopedia.com,/support.php,202602,8,2,"{""legacy_pageurl"": ""http://lupopedia.com/support.php"", ""legacy_parentrec"": 494, ""legacy_department"": 1, ""legacy_levelvisits"": 4, ""legacy_directvisits"": 4}",0,0
714,1,1,http://lupopedia.com/agent_profile.php,lupopedia.com,/agent_profile.php,202602,80,2,"{""legacy_pageurl"": ""http://lupopedia.com/agent_profile.php"", ""legacy_parentrec"": 494, ""legacy_department"": 1, ""legacy_levelvisits"": 40, ""legacy_directvisits"": 40}",0,0
715,1,1,http://lupopedia.com/agent_profile.php?id=34,lupopedia.com,/agent_profile.php?id=34,202602,0,3,"{""legacy_pageurl"": ""http://lupopedia.com/agent_profile.php?id=34"", ""legacy_parentrec"": 498, ""legacy_department"": 1, ""legacy_levelvisits"": 0, ""legacy_directvisits"": 0}",0,0
716,1,1,http://lupopedia.com/agent_profile.php?id=10,lupopedia.com,/agent_profile.php?id=10,202602,0,3,"{""legacy_pageurl"": ""http://lupopedia.com/agent_profile.php?id=10"", ""legacy_parentrec"": 498, ""legacy_department"": 1, ""legacy_levelvisits"": 0, ""legacy_directvisits"": 0}",0,0
717,1,1,http://lupopedia.com?utm_source=poweredby&utm_campaign=poweredby,lupopedia.com?utm_source=poweredby&utm_campaign=poweredby,,202602,0,2,"{""legacy_pageurl"": ""http://lupopedia.com?utm_source=poweredby&utm_campaign=poweredby"", ""legacy_parentrec"": 494, ""legacy_department"": 1, ""legacy_levelvisits"": 0, ""legacy_directvisits"": 0}",0,0
718,1,1,http://lupopedia.com/agents.php,lupopedia.com,/agents.php,202602,8,2,"{""legacy_pageurl"": ""http://lupopedia.com/agents.php"", ""legacy_parentrec"": 494, ""legacy_department"": 1, ""legacy_levelvisits"": 4, ""legacy_directvisits"": 4}",0,0
719,1,1,http://collaborativepages.com,collaborativepages.com,,202602,23,1,"{""legacy_pageurl"": ""http://collaborativepages.com"", ""legacy_parentrec"": 0, ""legacy_department"": 1, ""legacy_levelvisits"": 16, ""legacy_directvisits"": 7}",0,0
720,1,1,http://lupopedia.com/agent_profile.php?id=16,lupopedia.com,/agent_profile.php?id=16,202602,0,3,"{""legacy_pageurl"": ""http://lupopedia.com/agent_profile.php?id=16"", ""legacy_parentrec"": 498, ""legacy_department"": 1, ""legacy_levelvisits"": 0, ""legacy_directvisits"": 0}",0,0
721,1,1,http://lupopedia.com/#tldr-section,lupopedia.com,/#tldr-section,202602,6,2,"{""legacy_pageurl"": ""http://lupopedia.com/#tldr-section"", ""legacy_parentrec"": 494, ""legacy_department"": 1, ""legacy_levelvisits"": 3, ""legacy_directvisits"": 3}",0,0
722,1,1,http://collaborativepages.com/craftysyntax_changelog.php,collaborativepages.com,/craftysyntax_changelog.php,202602,4,2,"{""legacy_pageurl"": ""http://collaborativepages.com/craftysyntax_changelog.php"", ""legacy_parentrec"": 503, ""legacy_department"": 1, ""legacy_levelvisits"": 2, ""legacy_directvisits"": 2}",0,0
723,1,1,http://lupopedia.com/agent_profile.php?id=3,lupopedia.com,/agent_profile.php?id=3,202602,0,3,"{""legacy_pageurl"": ""http://lupopedia.com/agent_profile.php?id=3"", ""legacy_parentrec"": 498, ""legacy_department"": 1, ""legacy_levelvisits"": 0, ""legacy_directvisits"": 0}",0,0
724,1,1,http://lupopedia.com/craftysyntax_changelog.php,lupopedia.com,/craftysyntax_changelog.php,202602,2,2,"{""legacy_pageurl"": ""http://lupopedia.com/craftysyntax_changelog.php"", ""legacy_parentrec"": 494, ""legacy_department"": 1, ""legacy_levelvisits"": 1, ""legacy_directvisits"": 1}",0,0
725,1,1,http://lupopedia.com/agent_profile.php?id=16,lupopedia.com,/agent_profile.php?id=16,202602,0,3,"{""legacy_pageurl"": ""http://lupopedia.com/agent_profile.php?id=16"", ""legacy_parentrec"": 498, ""legacy_department"": 1, ""legacy_levelvisits"": 0, ""legacy_directvisits"": 0}",0,0
726,1,1,http://lupopedia.com/what_is_wolfie_headers.php,lupopedia.com,/what_is_wolfie_headers.php,202602,4,2,"{""legacy_pageurl"": ""http://lupopedia.com/what_is_wolfie_headers.php"", ""legacy_parentrec"": 494, ""legacy_department"": 1, ""legacy_levelvisits"": 2, ""legacy_directvisits"": 2}",0,0
727,1,1,http://lupopedia.com/content.php,lupopedia.com,/content.php,202602,22,2,"{""legacy_pageurl"": ""http://lupopedia.com/content.php"", ""legacy_parentrec"": 494, ""legacy_department"": 1, ""legacy_levelvisits"": 11, ""legacy_directvisits"": 11}",0,0
728,1,1,http://lupopedia.com/content.php?id=1,lupopedia.com,/content.php?id=1,202602,0,3,"{""legacy_pageurl"": ""http://lupopedia.com/content.php?id=1"", ""legacy_parentrec"": 511, ""legacy_department"": 1, ""legacy_levelvisits"": 0, ""legacy_directvisits"": 0}",0,0
729,1,1,http://lupopedia.com/content.php?id=7,lupopedia.com,/content.php?id=7,202602,0,3,"{""legacy_pageurl"": ""http://lupopedia.com/content.php?id=7"", ""legacy_parentrec"": 511, ""legacy_department"": 1, ""legacy_levelvisits"": 0, ""legacy_directvisits"": 0}",0,0
730,1,1,http://lupopedia.com/who_is_eric.php,lupopedia.com,/who_is_eric.php,202602,2,2,"{""legacy_pageurl"": ""http://lupopedia.com/who_is_eric.php"", ""legacy_parentrec"": 494, ""legacy_department"": 1, ""legacy_levelvisits"": 1, ""legacy_directvisits"": 1}",0,0
731,1,1,http://lupopedia.com/content.php?id=7,lupopedia.com,/content.php?id=7,202602,0,3,"{""legacy_pageurl"": ""http://lupopedia.com/content.php?id=7"", ""legacy_parentrec"": 511, ""legacy_department"": 1, ""legacy_levelvisits"": 0, ""legacy_directvisits"": 0}",0,0
732,1,1,http://lupopedia.com/content.php?id=4&referingtable=sot_how&refering_id=4,lupopedia.com,/content.php?id=4&referingtable=sot_how&refering_id=4,202602,0,3,"{""legacy_pageurl"": ""http://lupopedia.com/content.php?id=4&referingtable=sot_how&refering_id=4"", ""legacy_parentrec"": 511, ""legacy_department"": 1, ""legacy_levelvisits"": 0, ""legacy_directvisits"": 0}",0,0
733,1,1,http://collaborativepages.com/agent_profile.php,collaborativepages.com,/agent_profile.php,202602,8,2,"{""legacy_pageurl"": ""http://collaborativepages.com/agent_profile.php"", ""legacy_parentrec"": 503, ""legacy_department"": 1, ""legacy_levelvisits"": 4, ""legacy_directvisits"": 4}",0,0
734,1,1,http://collaborativepages.com/agent_profile.php?id=75,collaborativepages.com,/agent_profile.php?id=75,202602,0,3,"{""legacy_pageurl"": ""http://collaborativepages.com/agent_profile.php?id=75"", ""legacy_parentrec"": 517, ""legacy_department"": 1, ""legacy_levelvisits"": 0, ""legacy_directvisits"": 0}",0,0
735,1,1,http://lupopedia.com/what_is_the_lupopedia_dialog_system.php,lupopedia.com,/what_is_the_lupopedia_dialog_system.php,202602,2,2,"{""legacy_pageurl"": ""http://lupopedia.com/what_is_the_lupopedia_dialog_system.php"", ""legacy_parentrec"": 494, ""legacy_department"": 1, ""legacy_levelvisits"": 1, ""legacy_directvisits"": 1}",0,0
736,1,1,http://lupopedia.com/content.php?id=2,lupopedia.com,/content.php?id=2,202602,0,3,"{""legacy_pageurl"": ""http://lupopedia.com/content.php?id=2"", ""legacy_parentrec"": 511, ""legacy_department"": 1, ""legacy_levelvisits"": 0, ""legacy_directvisits"": 0}",0,0
737,1,1,http://lupopedia.com/what_is_lupopedia.php,lupopedia.com,/what_is_lupopedia.php,202602,2,2,"{""legacy_pageurl"": ""http://lupopedia.com/what_is_lupopedia.php"", ""legacy_parentrec"": 494, ""legacy_department"": 1, ""legacy_levelvisits"": 1, ""legacy_directvisits"": 1}",0,0
738,1,1,http://lupopedia.com/wolfie_ladder,lupopedia.com,/wolfie_ladder,202602,4,2,"{""legacy_pageurl"": ""http://lupopedia.com/wolfie_ladder"", ""legacy_parentrec"": 494, ""legacy_department"": 1, ""legacy_levelvisits"": 2, ""legacy_directvisits"": 2}",0,0
739,1,1,http://lupopedia.com/index.php,lupopedia.com,/index.php,202602,16,2,"{""legacy_pageurl"": ""http://lupopedia.com/index.php"", ""legacy_parentrec"": 494, ""legacy_department"": 1, ""legacy_levelvisits"": 8, ""legacy_directvisits"": 8}",0,0
740,1,1,http://lupopedia.com/what_are_wolfie_headers.php,lupopedia.com,/what_are_wolfie_headers.php,202602,2,2,"{""legacy_pageurl"": ""http://lupopedia.com/what_are_wolfie_headers.php"", ""legacy_parentrec"": 494, ""legacy_department"": 1, ""legacy_levelvisits"": 1, ""legacy_directvisits"": 1}",0,0
741,1,1,http://collaborativepages.com/index.php,collaborativepages.com,/index.php,202602,4,2,"{""legacy_pageurl"": ""http://collaborativepages.com/index.php"", ""legacy_parentrec"": 503, ""legacy_department"": 1, ""legacy_levelvisits"": 2, ""legacy_directvisits"": 2}",0,0
742,1,1,http://collaborativepages.com/index.php?desktop=1,collaborativepages.com,/index.php?desktop=1,202602,0,3,"{""legacy_pageurl"": ""http://collaborativepages.com/index.php?desktop=1"", ""legacy_parentrec"": 525, ""legacy_department"": 1, ""legacy_levelvisits"": 0, ""legacy_directvisits"": 0}",0,0
743,1,1,http://lupopedia.com/craftysyntax/#news,lupopedia.com,/craftysyntax/#news,202602,2,3,"{""legacy_pageurl"": ""http://lupopedia.com/craftysyntax/#news"", ""legacy_parentrec"": 495, ""legacy_department"": 1, ""legacy_levelvisits"": 1, ""legacy_directvisits"": 1}",0,0
744,1,1,http://lupopedia.com/messages.php,lupopedia.com,/messages.php,202602,4,2,"{""legacy_pageurl"": ""http://lupopedia.com/messages.php"", ""legacy_parentrec"": 494, ""legacy_department"": 1, ""legacy_levelvisits"": 2, ""legacy_directvisits"": 2}",0,0
745,1,1,http://lupopedia.com/craftysyntax,lupopedia.com,/craftysyntax,202602,32,2,"{""legacy_pageurl"": ""http://lupopedia.com/craftysyntax"", ""legacy_parentrec"": 494, ""legacy_department"": 1, ""legacy_levelvisits"": 18, ""legacy_directvisits"": 14}",0,0
746,1,1,http://lupopedia.com/craftysyntax/lupopedia.php,lupopedia.com,/craftysyntax/lupopedia.php,202602,8,3,"{""legacy_pageurl"": ""http://lupopedia.com/craftysyntax/lupopedia.php"", ""legacy_parentrec"": 529, ""legacy_department"": 1, ""legacy_levelvisits"": 4, ""legacy_directvisits"": 4}",0,0
747,1,1,http://collaborativepages.com/agent_profile.php?id=8,collaborativepages.com,/agent_profile.php?id=8,202602,0,3,"{""legacy_pageurl"": ""http://collaborativepages.com/agent_profile.php?id=8"", ""legacy_parentrec"": 517, ""legacy_department"": 1, ""legacy_levelvisits"": 0, ""legacy_directvisits"": 0}",0,0
748,1,1,http://collaborativepages.com/index.php?desktop=1,collaborativepages.com,/index.php?desktop=1,202602,0,3,"{""legacy_pageurl"": ""http://collaborativepages.com/index.php?desktop=1"", ""legacy_parentrec"": 525, ""legacy_department"": 1, ""legacy_levelvisits"": 0, ""legacy_directvisits"": 0}",0,0
749,1,1,http://collaborativepages.com/agent_profile.php?id=75,collaborativepages.com,/agent_profile.php?id=75,202602,0,3,"{""legacy_pageurl"": ""http://collaborativepages.com/agent_profile.php?id=75"", ""legacy_parentrec"": 517, ""legacy_department"": 1, ""legacy_levelvisits"": 0, ""legacy_directvisits"": 0}",0,0
750,1,1,http://collaborativepages.com/crafty_syntax_evolved.php,collaborativepages.com,/crafty_syntax_evolved.php,202602,2,2,"{""legacy_pageurl"": ""http://collaborativepages.com/crafty_syntax_evolved.php"", ""legacy_parentrec"": 503, ""legacy_department"": 1, ""legacy_levelvisits"": 1, ""legacy_directvisits"": 1}",0,0
751,1,1,http://lupopedia.com/channels.php,lupopedia.com,/channels.php,202602,2,2,"{""legacy_pageurl"": ""http://lupopedia.com/channels.php"", ""legacy_parentrec"": 494, ""legacy_department"": 1, ""legacy_levelvisits"": 1, ""legacy_directvisits"": 1}",0,0
752,1,1,http://lupopedia.com/index.php?desktop=1,lupopedia.com,/index.php?desktop=1,202602,0,3,"{""legacy_pageurl"": ""http://lupopedia.com/index.php?desktop=1"", ""legacy_parentrec"": 523, ""legacy_department"": 1, ""legacy_levelvisits"": 0, ""legacy_directvisits"": 0}",0,0
753,1,1,http://lupopedia.com/index.php?desktop=1,lupopedia.com,/index.php?desktop=1,202602,0,3,"{""legacy_pageurl"": ""http://lupopedia.com/index.php?desktop=1"", ""legacy_parentrec"": 523, ""legacy_department"": 1, ""legacy_levelvisits"": 0, ""legacy_directvisits"": 0}",0,0
754,1,1,http://lupopedia.com/index.php?desktop=1,lupopedia.com,/index.php?desktop=1,202602,0,3,"{""legacy_pageurl"": ""http://lupopedia.com/index.php?desktop=1"", ""legacy_parentrec"": 523, ""legacy_department"": 1, ""legacy_levelvisits"": 0, ""legacy_directvisits"": 0}",0,0
755,1,1,http://lupopedia.com/index.php?desktop=1,lupopedia.com,/index.php?desktop=1,202602,0,3,"{""legacy_pageurl"": ""http://lupopedia.com/index.php?desktop=1"", ""legacy_parentrec"": 523, ""legacy_department"": 1, ""legacy_levelvisits"": 0, ""legacy_directvisits"": 0}",0,0
756,1,1,http://lupopedia.com/search.php,lupopedia.com,/search.php,202602,2,2,"{""legacy_pageurl"": ""http://lupopedia.com/search.php"", ""legacy_parentrec"": 494, ""legacy_department"": 1, ""legacy_levelvisits"": 1, ""legacy_directvisits"": 1}",0,0
757,1,1,http://lupopedia.com/goopers,lupopedia.com,/goopers,202602,2,2,"{""legacy_pageurl"": ""http://lupopedia.com/goopers"", ""legacy_parentrec"": 494, ""legacy_department"": 1, ""legacy_levelvisits"": 1, ""legacy_directvisits"": 1}",0,0
758,1,1,http://lupopedia.com/wolfie_ladder?fbclid=IwZXh0bgNhZW0CMTEAc3J0YwZhcHBfaWQKNjYyODU2ODM3OQABHrrjWiqkfZhk8neZUtJr9_4sPheyi-ntEKJZm3CAYn_yTEelGJ2gdXDIZmkN_aem_lPffrVtDcK4crkD08FHS6g,lupopedia.com,/wolfie_ladder?fbclid=IwZXh0bgNhZW0CMTEAc3J0YwZhcHBfaWQKNjYyODU2ODM3OQABHrrjWiqkfZhk8neZUtJr9_4sPheyi-ntEKJZm3CAYn_yTEelGJ2gdXDIZmkN_aem_lPffrVtDcK4crkD08FHS6g,202602,0,3,"{""legacy_pageurl"": ""http://lupopedia.com/wolfie_ladder?fbclid=IwZXh0bgNhZW0CMTEAc3J0YwZhcHBfaWQKNjYyODU2ODM3OQABHrrjWiqkfZhk8neZUtJr9_4sPheyi-ntEKJZm3CAYn_yTEelGJ2gdXDIZmkN_aem_lPffrVtDcK4crkD08FHS6g"", ""legacy_parentrec"": 522, ""legacy_department"": 1, ""legacy_levelvisits"": 0, ""legacy_directvisits"": 0}",0,0
759,1,1,http://collaborativepages.com/agent_profile.php?id=75,collaborativepages.com,/agent_profile.php?id=75,202602,0,3,"{""legacy_pageurl"": ""http://collaborativepages.com/agent_profile.php?id=75"", ""legacy_parentrec"": 517, ""legacy_department"": 1, ""legacy_levelvisits"": 0, ""legacy_directvisits"": 0}",0,0
760,1,1,http://lupopedia.com/planfor_next_version_craftysyntax.php,lupopedia.com,/planfor_next_version_craftysyntax.php,202602,2,2,"{""legacy_pageurl"": ""http://lupopedia.com/planfor_next_version_craftysyntax.php"", ""legacy_parentrec"": 494, ""legacy_department"": 1, ""legacy_levelvisits"": 1, ""legacy_directvisits"": 1}",0,0
