"unified_analytics_path_id` bigint NOT NULL auto_increment","from_page_id` bigint","to_page_id` bigint","year_month_yyyymm` char(6) NOT NULL","transition_type` varchar(64) NOT NULL","transition_count` int NOT NULL DEFAULT 0","metadata_json` json","created_ymdhis` bigint NOT NULL DEFAULT 0","updated_ymdhis` bigint NOT NULL","is_deleted` tinyint NOT NULL DEFAULT 0","deleted_ymdhis` bigint"
"unified_analytics_path_id` bigint NOT NULL auto_increment:BIGINT|NOT_NULL","from_page_id` bigint:BIGINT|NULL","to_page_id` bigint:BIGINT|NULL","year_month_yyyymm` char(6) NOT NULL:UNKNOWN|NOT_NULL","transition_type` varchar(64) NOT NULL:VARCHAR(64)|NOT_NULL","transition_count` int NOT NULL DEFAULT 0:INT|NOT_NULL|DEFAULT:0","metadata_json` json:JSON|NULL","created_ymdhis` bigint NOT NULL DEFAULT 0:BIGINT|NOT_NULL|DEFAULT:0","updated_ymdhis` bigint NOT NULL:BIGINT|NOT_NULL","is_deleted` tinyint NOT NULL DEFAULT 0:INT|NOT_NULL|DEFAULT:0","deleted_ymdhis` bigint:BIGINT|NULL"
1,0,1,202511,first,168,,202511000000,202511000000,0,
2,1,3,202511,first,21,,202511000000,202511000000,0,
3,3,4,202511,first,5,,202511000000,202511000000,0,
4,3,5,202511,first,6,,202511000000,202511000000,0,
5,1,0,202511,first,91,,202511000000,202511000000,0,
6,0,6,202511,first,35,,202511000000,202511000000,0,
7,6,7,202511,first,1,,202511000000,202511000000,0,
8,7,0,202511,first,2,,202511000000,202511000000,0,
9,0,8,202511,first,1,,202511000000,202511000000,0,
10,8,1,202511,first,1,,202511000000,202511000000,0,
11,0,10,202511,first,1,,202511000000,202511000000,0,
12,10,0,202511,first,1,,202511000000,202511000000,0,
13,0,3,202511,first,63,,202511000000,202511000000,0,
14,3,1,202511,first,6,,202511000000,202511000000,0,
15,3,11,202511,first,7,,202511000000,202511000000,0,
16,11,12,202511,first,1,,202511000000,202511000000,0,
17,12,13,202511,first,2,,202511000000,202511000000,0,
18,13,14,202511,first,36,,202511000000,202511000000,0,
19,12,16,202511,first,1,,202511000000,202511000000,0,
20,16,4,202511,first,1,,202511000000,202511000000,0,
21,4,5,202511,first,1,,202511000000,202511000000,0,
22,1,17,202511,first,2,,202511000000,202511000000,0,
23,5,18,202511,first,1,,202511000000,202511000000,0,
24,1,20,202511,first,1,,202511000000,202511000000,0,
25,20,21,202511,first,5,,202511000000,202511000000,0,
26,21,23,202511,first,3,,202511000000,202511000000,0,
27,4,25,202511,first,5,,202511000000,202511000000,0,
28,25,26,202511,first,1,,202511000000,202511000000,0,
29,4,27,202511,first,5,,202511000000,202511000000,0,
30,21,20,202511,first,2,,202511000000,202511000000,0,
31,20,31,202511,first,4,,202511000000,202511000000,0,
32,31,32,202511,first,1,,202511000000,202511000000,0,
33,32,33,202511,first,1,,202511000000,202511000000,0,
34,33,34,202511,first,1,,202511000000,202511000000,0,
35,0,5,202511,first,2,,202511000000,202511000000,0,
36,5,3,202511,first,2,,202511000000,202511000000,0,
37,1,4,202511,first,10,,202511000000,202511000000,0,
38,4,0,202511,first,22,,202511000000,202511000000,0,
39,0,4,202511,first,13,,202511000000,202511000000,0,
40,3,20,202511,first,2,,202511000000,202511000000,0,
41,20,1,202511,first,1,,202511000000,202511000000,0,
42,4,13,202511,first,4,,202511000000,202511000000,0,
43,14,36,202511,first,2,,202511000000,202511000000,0,
44,3,6,202511,first,2,,202511000000,202511000000,0,
45,1,5,202511,first,3,,202511000000,202511000000,0,
46,4,41,202511,first,3,,202511000000,202511000000,0,
47,3,42,202511,first,9,,202511000000,202511000000,0,
48,3,17,202511,first,3,,202511000000,202511000000,0,
49,5,0,202511,first,1,,202511000000,202511000000,0,
50,3,0,202511,first,48,,202511000000,202511000000,0,
51,42,0,202511,first,3,,202511000000,202511000000,0,
52,5,4,202511,first,3,,202511000000,202511000000,0,
53,25,3,202511,first,1,,202511000000,202511000000,0,
54,4,43,202511,first,1,,202511000000,202511000000,0,
55,11,20,202511,first,1,,202511000000,202511000000,0,
56,31,23,202511,first,3,,202511000000,202511000000,0,
57,31,13,202511,first,1,,202511000000,202511000000,0,
58,14,34,202511,first,1,,202511000000,202511000000,0,
59,34,23,202511,first,1,,202511000000,202511000000,0,
60,4,17,202511,first,1,,202511000000,202511000000,0,
61,3,34,202511,first,1,,202511000000,202511000000,0,
62,34,0,202511,first,1,,202511000000,202511000000,0,
63,1,53,202511,first,1,,202511000000,202511000000,0,
64,53,54,202511,first,1,,202511000000,202511000000,0,
65,54,20,202511,first,1,,202511000000,202511000000,0,
66,20,5,202511,first,1,,202511000000,202511000000,0,
67,11,4,202511,first,1,,202511000000,202511000000,0,
68,0,20,202511,first,1,,202511000000,202511000000,0,
69,20,53,202511,first,1,,202511000000,202511000000,0,
70,53,1,202511,first,1,,202511000000,202511000000,0,
71,53,4,202511,first,1,,202511000000,202511000000,0,
72,0,9,202511,first,18,,202511000000,202511000000,0,
73,9,0,202511,first,17,,202511000000,202511000000,0,
74,1,58,202511,first,3,,202511000000,202511000000,0,
75,1,13,202511,first,8,,202511000000,202511000000,0,
76,14,0,202511,first,60,,202511000000,202511000000,0,
77,1,14,202511,first,14,,202511000000,202511000000,0,
78,14,4,202511,first,8,,202511000000,202511000000,0,
79,4,14,202511,first,6,,202511000000,202511000000,0,
80,0,14,202511,first,57,,202511000000,202511000000,0,
81,3,61,202511,first,1,,202511000000,202511000000,0,
82,61,1,202511,first,1,,202511000000,202511000000,0,
83,3,62,202511,first,3,,202511000000,202511000000,0,
84,4,42,202511,first,1,,202511000000,202511000000,0,
85,27,26,202511,first,7,,202511000000,202511000000,0,
86,3,63,202511,first,2,,202511000000,202511000000,0,
87,6,0,202511,first,43,,202511000000,202511000000,0,
88,3,64,202511,first,5,,202511000000,202511000000,0,
89,64,3,202511,first,1,,202511000000,202511000000,0,
90,17,65,202511,first,3,,202511000000,202511000000,0,
91,3,18,202511,first,1,,202511000000,202511000000,0,
92,18,67,202511,first,1,,202511000000,202511000000,0,
93,3,12,202511,first,2,,202511000000,202511000000,0,
94,12,11,202511,first,1,,202511000000,202511000000,0,
95,42,11,202511,first,1,,202511000000,202511000000,0,
96,11,0,202511,first,3,,202511000000,202511000000,0,
97,12,4,202511,first,3,,202511000000,202511000000,0,
98,65,68,202511,first,1,,202511000000,202511000000,0,
99,68,0,202511,first,1,,202511000000,202511000000,0,
100,5,69,202511,first,1,,202511000000,202511000000,0,
101,0,69,202511,first,3,,202511000000,202511000000,0,
102,69,3,202511,first,1,,202511000000,202511000000,0,
103,64,1,202511,first,1,,202511000000,202511000000,0,
104,1,6,202511,first,22,,202511000000,202511000000,0,
105,3,70,202511,first,1,,202511000000,202511000000,0,
106,0,71,202511,first,1,,202511000000,202511000000,0,
107,71,0,202511,first,2,,202511000000,202511000000,0,
108,1,70,202511,first,1,,202511000000,202511000000,0,
109,1,69,202511,first,3,,202511000000,202511000000,0,
110,69,68,202511,first,1,,202511000000,202511000000,0,
111,3,69,202511,first,4,,202511000000,202511000000,0,
112,69,4,202511,first,4,,202511000000,202511000000,0,
113,0,72,202511,first,1,,202511000000,202511000000,0,
114,72,0,202511,first,1,,202511000000,202511000000,0,
115,0,11,202511,first,1,,202511000000,202511000000,0,
116,0,54,202511,first,1,,202511000000,202511000000,0,
117,54,16,202511,first,1,,202511000000,202511000000,0,
118,16,12,202511,first,1,,202511000000,202511000000,0,
119,4,3,202511,first,4,,202511000000,202511000000,0,
120,4,11,202511,first,1,,202511000000,202511000000,0,
121,9,73,202511,first,1,,202511000000,202511000000,0,
122,73,0,202511,first,2,,202511000000,202511000000,0,
123,0,74,202511,first,4,,202511000000,202511000000,0,
124,74,73,202511,first,2,,202511000000,202511000000,0,
125,6,69,202511,first,4,,202511000000,202511000000,0,
126,6,1,202511,first,8,,202511000000,202511000000,0,
127,58,77,202511,first,7,,202511000000,202511000000,0,
128,77,79,202511,first,7,,202511000000,202511000000,0,
129,79,13,202511,first,2,,202511000000,202511000000,0,
130,4,6,202511,first,12,,202511000000,202511000000,0,
131,3,68,202511,first,3,,202511000000,202511000000,0,
132,68,6,202511,first,1,,202511000000,202511000000,0,
133,6,4,202511,first,12,,202511000000,202511000000,0,
134,14,13,202511,first,4,,202511000000,202511000000,0,
135,73,1,202511,first,1,,202511000000,202511000000,0,
136,1,62,202511,first,1,,202511000000,202511000000,0,
137,62,6,202511,first,1,,202511000000,202511000000,0,
138,42,62,202511,first,1,,202511000000,202511000000,0,
139,42,68,202511,first,1,,202511000000,202511000000,0,
140,42,64,202511,first,1,,202511000000,202511000000,0,
141,64,0,202511,first,5,,202511000000,202511000000,0,
142,74,0,202511,first,2,,202511000000,202511000000,0,
143,0,64,202511,first,3,,202511000000,202511000000,0,
144,0,27,202511,first,3,,202511000000,202511000000,0,
145,27,0,202511,first,3,,202511000000,202511000000,0,
146,69,0,202511,first,4,,202511000000,202511000000,0,
147,0,25,202511,first,2,,202511000000,202511000000,0,
148,25,0,202511,first,1,,202511000000,202511000000,0,
149,1,68,202511,first,1,,202511000000,202511000000,0,
150,68,62,202511,first,2,,202511000000,202511000000,0,
151,62,69,202511,first,1,,202511000000,202511000000,0,
152,68,4,202511,first,1,,202511000000,202511000000,0,
153,6,85,202511,first,3,,202511000000,202511000000,0,
154,1,34,202511,first,1,,202511000000,202511000000,0,
155,34,6,202511,first,1,,202511000000,202511000000,0,
156,6,20,202511,first,1,,202511000000,202511000000,0,
157,23,32,202511,first,1,,202511000000,202511000000,0,
158,6,33,202511,first,3,,202511000000,202511000000,0,
159,69,86,202511,first,1,,202511000000,202511000000,0,
160,69,6,202511,first,1,,202511000000,202511000000,0,
161,6,11,202511,first,1,,202511000000,202511000000,0,
162,64,87,202511,first,1,,202511000000,202511000000,0,
163,3,88,202511,first,1,,202511000000,202511000000,0,
164,88,14,202511,first,1,,202511000000,202511000000,0,
165,62,17,202511,first,1,,202511000000,202511000000,0,
166,17,12,202511,first,1,,202511000000,202511000000,0,
167,12,33,202511,first,1,,202511000000,202511000000,0,
168,33,13,202511,first,2,,202511000000,202511000000,0,
169,3,89,202511,first,6,,202511000000,202511000000,0,
170,89,1,202511,first,2,,202511000000,202511000000,0,
171,89,63,202511,first,2,,202511000000,202511000000,0,
172,63,12,202511,first,1,,202511000000,202511000000,0,
173,12,14,202511,first,1,,202511000000,202511000000,0,
174,89,0,202511,first,2,,202511000000,202511000000,0,
175,69,63,202511,first,1,,202511000000,202511000000,0,
176,63,89,202511,first,1,,202511000000,202511000000,0,
177,89,3,202511,first,2,,202511000000,202511000000,0,
178,23,4,202511,first,1,,202511000000,202511000000,0,
179,4,58,202511,first,2,,202511000000,202511000000,0,
180,58,91,202511,first,2,,202511000000,202511000000,0,
181,91,33,202511,first,1,,202511000000,202511000000,0,
182,0,91,202511,first,1,,202511000000,202511000000,0,
183,91,13,202511,first,1,,202511000000,202511000000,0,
184,13,34,202511,first,1,,202511000000,202511000000,0,
185,34,33,202511,first,1,,202511000000,202511000000,0,
186,33,4,202511,first,1,,202511000000,202511000000,0,
187,13,32,202511,first,1,,202511000000,202511000000,0,
188,32,85,202511,first,2,,202511000000,202511000000,0,
189,85,31,202511,first,1,,202511000000,202511000000,0,
190,31,20,202511,first,3,,202511000000,202511000000,0,
191,20,23,202511,first,2,,202511000000,202511000000,0,
192,26,0,202511,first,1,,202511000000,202511000000,0,
193,3,31,202511,first,1,,202511000000,202511000000,0,
194,20,32,202511,first,2,,202511000000,202511000000,0,
195,20,4,202511,first,3,,202511000000,202511000000,0,
196,20,6,202511,first,2,,202511000000,202511000000,0,
197,13,58,202511,first,2,,202511000000,202511000000,0,
198,17,69,202511,first,1,,202511000000,202511000000,0,
199,0,89,202511,first,3,,202511000000,202511000000,0,
200,89,69,202511,first,1,,202511000000,202511000000,0,
201,6,58,202511,first,2,,202511000000,202511000000,0,
202,0,17,202511,first,1,,202511000000,202511000000,0,
203,17,6,202511,first,1,,202511000000,202511000000,0,
204,6,13,202511,first,3,,202511000000,202511000000,0,
205,1,89,202511,first,1,,202511000000,202511000000,0,
206,6,54,202511,first,1,,202511000000,202511000000,0,
207,54,4,202511,first,1,,202511000000,202511000000,0,
208,1,92,202511,first,20,,202511000000,202511000000,0,
209,92,93,202511,first,1,,202511000000,202511000000,0,
210,93,4,202511,first,1,,202511000000,202511000000,0,
211,0,92,202511,first,65,,202511000000,202511000000,0,
212,92,89,202511,first,1,,202511000000,202511000000,0,
213,89,4,202511,first,1,,202511000000,202511000000,0,
214,92,94,202511,first,3,,202511000000,202511000000,0,
215,94,95,202511,first,1,,202511000000,202511000000,0,
216,95,96,202511,first,2,,202511000000,202511000000,0,
217,96,93,202511,first,1,,202511000000,202511000000,0,
218,93,97,202511,first,1,,202511000000,202511000000,0,
219,97,6,202511,first,1,,202511000000,202511000000,0,
220,92,98,202511,first,1,,202511000000,202511000000,0,
221,92,99,202511,first,7,,202511000000,202511000000,0,
222,92,100,202511,first,1,,202511000000,202511000000,0,
223,100,101,202511,first,1,,202511000000,202511000000,0,
224,101,102,202511,first,1,,202511000000,202511000000,0,
225,92,103,202511,first,1,,202511000000,202511000000,0,
226,92,104,202511,first,1,,202511000000,202511000000,0,
227,104,0,202511,first,1,,202511000000,202511000000,0,
228,92,6,202511,first,14,,202511000000,202511000000,0,
229,6,105,202511,first,9,,202511000000,202511000000,0,
230,105,0,202511,first,74,,202511000000,202511000000,0,
231,92,4,202511,first,3,,202511000000,202511000000,0,
232,0,105,202511,first,69,,202511000000,202511000000,0,
233,0,13,202511,first,9,,202511000000,202511000000,0,
234,92,0,202511,first,45,,202511000000,202511000000,0,
235,14,6,202511,first,4,,202511000000,202511000000,0,
236,4,69,202511,first,1,,202511000000,202511000000,0,
237,69,92,202511,first,1,,202511000000,202511000000,0,
238,92,96,202511,first,2,,202511000000,202511000000,0,
239,96,89,202511,first,1,,202511000000,202511000000,0,
240,92,17,202511,first,1,,202511000000,202511000000,0,
241,65,11,202511,first,1,,202511000000,202511000000,0,
242,92,95,202511,first,13,,202511000000,202511000000,0,
243,92,106,202511,first,1,,202511000000,202511000000,0,
244,106,101,202511,first,1,,202511000000,202511000000,0,
245,101,0,202511,first,1,,202511000000,202511000000,0,
246,92,107,202511,first,2,,202511000000,202511000000,0,
247,107,0,202511,first,3,,202511000000,202511000000,0,
248,92,1,202511,first,3,,202511000000,202511000000,0,
249,6,92,202511,first,2,,202511000000,202511000000,0,
250,0,108,202511,first,6,,202511000000,202511000000,0,
251,108,110,202511,first,1,,202511000000,202511000000,0,
252,110,111,202511,first,1,,202511000000,202511000000,0,
253,110,108,202511,first,1,,202511000000,202511000000,0,
254,4,92,202511,first,5,,202511000000,202511000000,0,
255,0,113,202511,first,1,,202511000000,202511000000,0,
256,113,0,202511,first,2,,202511000000,202511000000,0,
257,4,107,202511,first,2,,202511000000,202511000000,0,
258,1,71,202511,first,1,,202511000000,202511000000,0,
259,95,0,202511,first,4,,202511000000,202511000000,0,
260,14,20,202511,first,2,,202511000000,202511000000,0,
261,1,114,202511,first,1,,202511000000,202511000000,0,
262,114,4,202511,first,1,,202511000000,202511000000,0,
263,0,115,202511,first,1,,202511000000,202511000000,0,
264,115,113,202511,first,1,,202511000000,202511000000,0,
265,6,53,202511,first,1,,202511000000,202511000000,0,
266,53,20,202511,first,1,,202511000000,202511000000,0,
267,6,32,202511,first,1,,202511000000,202511000000,0,
268,32,4,202511,first,1,,202511000000,202511000000,0,
269,1,41,202511,first,1,,202511000000,202511000000,0,
270,1,85,202511,first,1,,202511000000,202511000000,0,
271,41,114,202511,first,1,,202511000000,202511000000,0,
272,0,117,202511,first,2,,202511000000,202511000000,0,
273,117,0,202511,first,1,,202511000000,202511000000,0,
274,0,119,202511,first,1,,202511000000,202511000000,0,
275,119,54,202511,first,1,,202511000000,202511000000,0,
276,54,0,202511,first,1,,202511000000,202511000000,0,
277,0,41,202511,first,1,,202511000000,202511000000,0,
278,41,54,202511,first,1,,202511000000,202511000000,0,
279,54,119,202511,first,1,,202511000000,202511000000,0,
280,119,43,202511,first,1,,202511000000,202511000000,0,
281,43,13,202511,first,1,,202511000000,202511000000,0,
282,13,92,202511,first,1,,202511000000,202511000000,0,
283,1,122,202511,first,3,,202511000000,202511000000,0,
284,122,6,202511,first,1,,202511000000,202511000000,0,
285,117,128,202511,first,1,,202511000000,202511000000,0,
286,0,111,202511,first,1,,202511000000,202511000000,0,
287,111,131,202511,first,1,,202511000000,202511000000,0,
288,131,0,202511,first,1,,202511000000,202511000000,0,
289,13,0,202511,first,6,,202511000000,202511000000,0,
290,1,43,202511,first,1,,202511000000,202511000000,0,
291,0,85,202511,first,1,,202511000000,202511000000,0,
292,85,69,202511,first,1,,202511000000,202511000000,0,
293,69,1,202511,first,1,,202511000000,202511000000,0,
294,6,14,202511,first,1,,202511000000,202511000000,0,
295,108,0,202511,first,5,,202511000000,202511000000,0,
296,1,27,202511,first,5,,202511000000,202511000000,0,
297,27,4,202511,first,2,,202511000000,202511000000,0,
298,0,58,202511,first,3,,202511000000,202511000000,0,
299,79,1,202511,first,1,,202511000000,202511000000,0,
300,27,6,202511,first,1,,202511000000,202511000000,0,
301,0,7,202511,first,1,,202511000000,202511000000,0,
302,1,105,202511,first,5,,202511000000,202511000000,0,
303,0,96,202511,first,2,,202511000000,202511000000,0,
304,96,0,202511,first,2,,202511000000,202511000000,0,
305,92,13,202511,first,2,,202511000000,202511000000,0,
306,13,6,202511,first,1,,202511000000,202511000000,0,
307,79,27,202511,first,1,,202511000000,202511000000,0,
308,26,4,202511,first,1,,202511000000,202511000000,0,
309,13,4,202511,first,2,,202511000000,202511000000,0,
310,79,32,202511,first,1,,202511000000,202511000000,0,
311,32,27,202511,first,1,,202511000000,202511000000,0,
312,92,122,202511,first,2,,202511000000,202511000000,0,
313,6,89,202511,first,1,,202511000000,202511000000,0,
314,89,92,202511,first,1,,202511000000,202511000000,0,
315,94,0,202511,first,2,,202511000000,202511000000,0,
316,0,94,202511,first,1,,202511000000,202511000000,0,
317,0,95,202511,first,2,,202511000000,202511000000,0,
318,95,6,202511,first,3,,202511000000,202511000000,0,
319,4,105,202511,first,2,,202511000000,202511000000,0,
320,95,13,202511,first,2,,202511000000,202511000000,0,
321,89,34,202511,first,1,,202511000000,202511000000,0,
322,34,13,202511,first,2,,202511000000,202511000000,0,
323,13,33,202511,first,1,,202511000000,202511000000,0,
324,33,31,202511,first,1,,202511000000,202511000000,0,
325,94,99,202511,first,1,,202511000000,202511000000,0,
326,99,69,202511,first,2,,202511000000,202511000000,0,
327,92,34,202511,first,1,,202511000000,202511000000,0,
328,13,31,202511,first,1,,202511000000,202511000000,0,
329,122,0,202511,first,3,,202511000000,202511000000,0,
330,0,122,202511,first,2,,202511000000,202511000000,0,
331,14,105,202511,first,1,,202511000000,202511000000,0,
332,105,89,202511,first,1,,202511000000,202511000000,0,
333,105,13,202511,first,1,,202511000000,202511000000,0,
334,0,148,202511,first,7,,202511000000,202511000000,0,
335,148,0,202511,first,7,,202511000000,202511000000,0,
336,69,32,202511,first,1,,202511000000,202511000000,0,
337,0,154,202511,first,1,,202511000000,202511000000,0,
338,154,0,202511,first,1,,202511000000,202511000000,0,
339,25,95,202511,first,1,,202511000000,202511000000,0,
340,99,0,202511,first,8,,202511000000,202511000000,0,
341,0,99,202511,first,9,,202511000000,202511000000,0,
342,99,4,202511,first,1,,202511000000,202511000000,0,
343,4,99,202511,first,1,,202511000000,202511000000,0,
344,6,99,202511,first,1,,202511000000,202511000000,0,
345,99,92,202511,first,1,,202511000000,202511000000,0,
346,99,164,202511,first,1,,202511000000,202511000000,0,
347,164,0,202511,first,1,,202511000000,202511000000,0,
348,92,166,202511,first,1,,202511000000,202511000000,0,
349,14,58,202511,first,1,,202511000000,202511000000,0,
350,79,14,202511,first,1,,202511000000,202511000000,0,
351,58,13,202511,first,1,,202511000000,202511000000,0,
352,105,167,202511,first,1,,202511000000,202511000000,0,
353,167,168,202511,first,1,,202511000000,202511000000,0,
354,168,0,202511,first,2,,202511000000,202511000000,0,
355,0,168,202511,first,1,,202511000000,202511000000,0,
356,105,1,202511,first,1,,202511000000,202511000000,0,
357,32,0,202511,first,1,,202511000000,202511000000,0,
358,99,169,202511,first,1,,202511000000,202511000000,0,
359,99,6,202511,first,1,,202511000000,202511000000,0,
360,0,86,202511,first,1,,202511000000,202511000000,0,
361,86,0,202511,first,1,,202511000000,202511000000,0,
362,92,20,202511,first,1,,202511000000,202511000000,0,
363,33,32,202511,first,1,,202511000000,202511000000,0,
364,23,0,202511,first,1,,202511000000,202511000000,0,
365,1,25,202511,first,1,,202511000000,202511000000,0,
366,25,6,202511,first,1,,202511000000,202511000000,0,
367,41,92,202511,first,1,,202511000000,202511000000,0,
368,1,31,202511,first,1,,202511000000,202511000000,0,
369,26,6,202511,first,1,,202511000000,202511000000,0,
370,14,1,202511,first,1,,202511000000,202511000000,0,
371,14,31,202511,first,1,,202511000000,202511000000,0,
372,31,4,202511,first,2,,202511000000,202511000000,0,
373,4,32,202511,first,1,,202511000000,202511000000,0,
374,0,172,202512,first,10,,202512000000,202512000000,0,
375,172,0,202512,first,9,,202512000000,202512000000,0,
376,0,174,202512,first,4,,202512000000,202512000000,0,
377,174,0,202512,first,6,,202512000000,202512000000,0,
378,0,171,202512,first,309,,202512000000,202512000000,0,
379,171,174,202512,first,7,,202512000000,202512000000,0,
380,174,177,202512,first,1,,202512000000,202512000000,0,
381,177,172,202512,first,1,,202512000000,202512000000,0,
382,0,179,202512,first,37,,202512000000,202512000000,0,
383,179,0,202512,first,41,,202512000000,202512000000,0,
384,0,183,202512,first,190,,202512000000,202512000000,0,
385,179,174,202512,first,3,,202512000000,202512000000,0,
386,172,186,202512,first,2,,202512000000,202512000000,0,
387,172,187,202512,first,1,,202512000000,202512000000,0,
388,187,179,202512,first,1,,202512000000,202512000000,0,
389,179,188,202512,first,1,,202512000000,202512000000,0,
390,188,0,202512,first,8,,202512000000,202512000000,0,
391,183,0,202512,first,169,,202512000000,202512000000,0,
392,171,0,202512,first,232,,202512000000,202512000000,0,
393,171,189,202512,first,2,,202512000000,202512000000,0,
394,189,0,202512,first,7,,202512000000,202512000000,0,
395,183,190,202512,first,1,,202512000000,202512000000,0,
396,190,0,202512,first,1,,202512000000,202512000000,0,
397,0,191,202512,first,42,,202512000000,202512000000,0,
398,191,0,202512,first,41,,202512000000,202512000000,0,
399,186,0,202512,first,3,,202512000000,202512000000,0,
400,0,186,202512,first,2,,202512000000,202512000000,0,
401,171,192,202512,first,7,,202512000000,202512000000,0,
402,0,192,202512,first,77,,202512000000,202512000000,0,
403,192,0,202512,first,87,,202512000000,202512000000,0,
404,171,179,202512,first,7,,202512000000,202512000000,0,
405,179,189,202512,first,4,,202512000000,202512000000,0,
406,179,195,202512,first,3,,202512000000,202512000000,0,
407,192,197,202512,first,1,,202512000000,202512000000,0,
408,197,0,202512,first,1,,202512000000,202512000000,0,
409,0,199,202512,first,99,,202512000000,202512000000,0,
410,199,0,202512,first,98,,202512000000,202512000000,0,
411,0,201,202512,first,2,,202512000000,202512000000,0,
412,201,0,202512,first,3,,202512000000,202512000000,0,
413,0,203,202512,first,16,,202512000000,202512000000,0,
414,203,0,202512,first,18,,202512000000,202512000000,0,
415,183,205,202512,first,1,,202512000000,202512000000,0,
416,205,0,202512,first,1,,202512000000,202512000000,0,
417,0,206,202512,first,1,,202512000000,202512000000,0,
418,206,0,202512,first,1,,202512000000,202512000000,0,
419,0,189,202512,first,3,,202512000000,202512000000,0,
420,183,201,202512,first,1,,202512000000,202512000000,0,
421,171,209,202512,first,4,,202512000000,202512000000,0,
422,209,192,202512,first,30,,202512000000,202512000000,0,
423,171,195,202512,first,3,,202512000000,202512000000,0,
424,195,179,202512,first,2,,202512000000,202512000000,0,
425,171,199,202512,first,9,,202512000000,202512000000,0,
426,0,213,202512,first,2,,202512000000,202512000000,0,
427,213,0,202512,first,2,,202512000000,202512000000,0,
428,171,218,202512,first,1,,202512000000,202512000000,0,
429,171,183,202512,first,17,,202512000000,202512000000,0,
430,189,209,202512,first,1,,202512000000,202512000000,0,
431,183,203,202512,first,8,,202512000000,202512000000,0,
432,203,201,202512,first,1,,202512000000,202512000000,0,
433,0,219,202512,first,1,,202512000000,202512000000,0,
434,219,0,202512,first,1,,202512000000,202512000000,0,
435,179,183,202512,first,9,,202512000000,202512000000,0,
436,0,209,202512,first,45,,202512000000,202512000000,0,
437,192,186,202512,first,1,,202512000000,202512000000,0,
438,186,223,202512,first,1,,202512000000,202512000000,0,
439,223,225,202512,first,1,,202512000000,202512000000,0,
440,225,171,202512,first,1,,202512000000,202512000000,0,
441,225,189,202512,first,1,,202512000000,202512000000,0,
442,192,188,202512,first,1,,202512000000,202512000000,0,
443,188,229,202512,first,1,,202512000000,202512000000,0,
444,229,179,202512,first,1,,202512000000,202512000000,0,
445,183,213,202512,first,3,,202512000000,202512000000,0,
446,213,231,202512,first,1,,202512000000,202512000000,0,
447,231,179,202512,first,1,,202512000000,202512000000,0,
448,183,232,202512,first,4,,202512000000,202512000000,0,
449,232,209,202512,first,1,,202512000000,202512000000,0,
450,232,199,202512,first,2,,202512000000,202512000000,0,
451,0,232,202512,first,91,,202512000000,202512000000,0,
452,232,0,202512,first,83,,202512000000,202512000000,0,
453,232,179,202512,first,11,,202512000000,202512000000,0,
454,179,232,202512,first,8,,202512000000,202512000000,0,
455,232,189,202512,first,4,,202512000000,202512000000,0,
456,192,232,202512,first,3,,202512000000,202512000000,0,
457,192,247,202512,first,1,,202512000000,202512000000,0,
458,247,248,202512,first,3,,202512000000,202512000000,0,
459,248,249,202512,first,2,,202512000000,202512000000,0,
460,249,188,202512,first,1,,202512000000,202512000000,0,
461,188,250,202512,first,5,,202512000000,202512000000,0,
462,250,253,202512,first,2,,202512000000,202512000000,0,
463,253,250,202512,first,2,,202512000000,202512000000,0,
464,189,171,202512,first,1,,202512000000,202512000000,0,
465,189,201,202512,first,1,,202512000000,202512000000,0,
466,232,258,202512,first,1,,202512000000,202512000000,0,
467,258,209,202512,first,1,,202512000000,202512000000,0,
468,209,232,202512,first,1,,202512000000,202512000000,0,
469,209,199,202512,first,1,,202512000000,202512000000,0,
470,199,232,202512,first,3,,202512000000,202512000000,0,
471,189,179,202512,first,1,,202512000000,202512000000,0,
472,232,203,202512,first,1,,202512000000,202512000000,0,
473,189,232,202512,first,1,,202512000000,202512000000,0,
474,183,261,202512,first,1,,202512000000,202512000000,0,
475,261,248,202512,first,1,,202512000000,202512000000,0,
476,248,247,202512,first,1,,202512000000,202512000000,0,
477,247,209,202512,first,2,,202512000000,202512000000,0,
478,209,258,202512,first,1,,202512000000,202512000000,0,
479,247,189,202512,first,1,,202512000000,202512000000,0,
480,232,183,202512,first,1,,202512000000,202512000000,0,
481,183,209,202512,first,4,,202512000000,202512000000,0,
482,0,265,202512,first,11,,202512000000,202512000000,0,
483,265,179,202512,first,7,,202512000000,202512000000,0,
484,213,232,202512,first,1,,202512000000,202512000000,0,
485,232,201,202512,first,1,,202512000000,202512000000,0,
486,201,265,202512,first,1,,202512000000,202512000000,0,
487,265,0,202512,first,19,,202512000000,202512000000,0,
488,199,266,202512,first,2,,202512000000,202512000000,0,
489,266,267,202512,first,1,,202512000000,202512000000,0,
490,232,269,202512,first,2,,202512000000,202512000000,0,
491,232,171,202512,first,3,,202512000000,202512000000,0,
492,269,271,202512,first,1,,202512000000,202512000000,0,
493,271,232,202512,first,1,,202512000000,202512000000,0,
494,179,276,202512,first,1,,202512000000,202512000000,0,
495,232,271,202512,first,1,,202512000000,202512000000,0,
496,232,265,202512,first,8,,202512000000,202512000000,0,
497,232,278,202512,first,3,,202512000000,202512000000,0,
498,179,201,202512,first,1,,202512000000,202512000000,0,
499,201,183,202512,first,1,,202512000000,202512000000,0,
500,0,266,202512,first,2,,202512000000,202512000000,0,
501,266,0,202512,first,2,,202512000000,202512000000,0,
502,171,232,202512,first,14,,202512000000,202512000000,0,
503,232,266,202512,first,1,,202512000000,202512000000,0,
504,266,283,202512,first,1,,202512000000,202512000000,0,
505,283,199,202512,first,1,,202512000000,202512000000,0,
506,266,232,202512,first,1,,202512000000,202512000000,0,
507,183,186,202512,first,2,,202512000000,202512000000,0,
508,0,285,202512,first,1,,202512000000,202512000000,0,
509,285,0,202512,first,1,,202512000000,202512000000,0,
510,0,286,202512,first,3,,202512000000,202512000000,0,
511,286,0,202512,first,3,,202512000000,202512000000,0,
512,232,188,202512,first,2,,202512000000,202512000000,0,
513,188,195,202512,first,1,,202512000000,202512000000,0,
514,195,266,202512,first,1,,202512000000,202512000000,0,
515,266,199,202512,first,1,,202512000000,202512000000,0,
516,199,171,202512,first,4,,202512000000,202512000000,0,
517,174,287,202512,first,2,,202512000000,202512000000,0,
518,265,232,202512,first,2,,202512000000,202512000000,0,
519,0,195,202512,first,14,,202512000000,202512000000,0,
520,195,0,202512,first,15,,202512000000,202512000000,0,
521,171,265,202512,first,21,,202512000000,202512000000,0,
522,265,288,202512,first,5,,202512000000,202512000000,0,
523,0,289,202512,first,5,,202512000000,202512000000,0,
524,289,0,202512,first,6,,202512000000,202512000000,0,
525,179,192,202512,first,1,,202512000000,202512000000,0,
526,209,0,202512,first,43,,202512000000,202512000000,0,
527,0,291,202512,first,1,,202512000000,202512000000,0,
528,291,293,202512,first,1,,202512000000,202512000000,0,
529,293,291,202512,first,1,,202512000000,202512000000,0,
530,291,0,202512,first,1,,202512000000,202512000000,0,
531,265,295,202512,first,1,,202512000000,202512000000,0,
532,295,265,202512,first,1,,202512000000,202512000000,0,
533,183,297,202512,first,4,,202512000000,202512000000,0,
534,297,203,202512,first,1,,202512000000,202512000000,0,
535,0,297,202512,first,2,,202512000000,202512000000,0,
536,297,232,202512,first,1,,202512000000,202512000000,0,
537,0,298,202512,first,3,,202512000000,202512000000,0,
538,298,300,202512,first,1,,202512000000,202512000000,0,
539,300,0,202512,first,7,,202512000000,202512000000,0,
540,0,301,202512,first,2,,202512000000,202512000000,0,
541,301,0,202512,first,2,,202512000000,202512000000,0,
542,0,302,202512,first,2,,202512000000,202512000000,0,
543,302,0,202512,first,1,,202512000000,202512000000,0,
544,302,301,202512,first,1,,202512000000,202512000000,0,
545,0,290,202512,first,17,,202512000000,202512000000,0,
546,290,0,202512,first,17,,202512000000,202512000000,0,
547,0,303,202512,first,1,,202512000000,202512000000,0,
548,303,0,202512,first,1,,202512000000,202512000000,0,
549,192,209,202512,first,1,,202512000000,202512000000,0,
550,188,265,202512,first,1,,202512000000,202512000000,0,
551,232,307,202512,first,1,,202512000000,202512000000,0,
552,307,247,202512,first,1,,202512000000,202512000000,0,
553,249,250,202512,first,1,,202512000000,202512000000,0,
554,265,171,202512,first,4,,202512000000,202512000000,0,
555,171,310,202512,first,1,,202512000000,202512000000,0,
556,171,300,202512,first,2,,202512000000,202512000000,0,
557,0,188,202512,first,8,,202512000000,202512000000,0,
558,188,209,202512,first,1,,202512000000,202512000000,0,
559,171,188,202512,first,3,,202512000000,202512000000,0,
560,199,311,202512,first,1,,202512000000,202512000000,0,
561,199,267,202512,first,1,,202512000000,202512000000,0,
562,267,314,202512,first,1,,202512000000,202512000000,0,
563,199,315,202512,first,1,,202512000000,202512000000,0,
564,199,179,202512,first,2,,202512000000,202512000000,0,
565,0,300,202512,first,6,,202512000000,202512000000,0,
566,0,316,202512,first,2,,202512000000,202512000000,0,
567,316,0,202512,first,2,,202512000000,202512000000,0,
568,232,311,202512,first,1,,202512000000,202512000000,0,
569,311,199,202512,first,1,,202512000000,202512000000,0,
570,199,317,202512,first,1,,202512000000,202512000000,0,
571,287,188,202512,first,1,,202512000000,202512000000,0,
572,188,253,202512,first,3,,202512000000,202512000000,0,
573,253,319,202512,first,1,,202512000000,202512000000,0,
574,319,250,202512,first,1,,202512000000,202512000000,0,
575,174,232,202512,first,1,,202512000000,202512000000,0,
576,179,265,202512,first,2,,202512000000,202512000000,0,
577,179,199,202512,first,3,,202512000000,202512000000,0,
578,300,188,202512,first,1,,202512000000,202512000000,0,
579,199,322,202512,first,1,,202512000000,202512000000,0,
580,199,323,202512,first,1,,202512000000,202512000000,0,
581,199,265,202512,first,1,,202512000000,202512000000,0,
582,265,199,202512,first,3,,202512000000,202512000000,0,
583,183,307,202512,first,1,,202512000000,202512000000,0,
584,307,209,202512,first,1,,202512000000,202512000000,0,
585,209,188,202512,first,1,,202512000000,202512000000,0,
586,253,179,202512,first,2,,202512000000,202512000000,0,
587,0,249,202512,first,4,,202512000000,202512000000,0,
588,249,0,202512,first,4,,202512000000,202512000000,0,
589,278,179,202512,first,1,,202512000000,202512000000,0,
590,199,326,202512,first,1,,202512000000,202512000000,0,
591,326,327,202512,first,1,,202512000000,202512000000,0,
592,199,328,202512,first,1,,202512000000,202512000000,0,
593,328,329,202512,first,1,,202512000000,202512000000,0,
594,0,330,202512,first,1,,202512000000,202512000000,0,
595,330,0,202512,first,1,,202512000000,202512000000,0,
596,183,331,202512,first,1,,202512000000,202512000000,0,
597,183,332,202512,first,2,,202512000000,202512000000,0,
598,332,179,202512,first,1,,202512000000,202512000000,0,
599,183,265,202512,first,3,,202512000000,202512000000,0,
600,265,333,202512,first,1,,202512000000,202512000000,0,
601,0,333,202512,first,23,,202512000000,202512000000,0,
602,333,0,202512,first,25,,202512000000,202512000000,0,
603,265,183,202512,first,1,,202512000000,202512000000,0,
604,171,186,202512,first,1,,202512000000,202512000000,0,
605,186,334,202512,first,4,,202512000000,202512000000,0,
606,334,225,202512,first,1,,202512000000,202512000000,0,
607,225,209,202512,first,1,,202512000000,202512000000,0,
608,225,199,202512,first,1,,202512000000,202512000000,0,
609,183,179,202512,first,5,,202512000000,202512000000,0,
610,183,247,202512,first,1,,202512000000,202512000000,0,
611,247,265,202512,first,1,,202512000000,202512000000,0,
612,183,253,202512,first,2,,202512000000,202512000000,0,
613,183,337,202512,first,1,,202512000000,202512000000,0,
614,337,248,202512,first,1,,202512000000,202512000000,0,
615,171,333,202512,first,4,,202512000000,202512000000,0,
616,333,179,202512,first,3,,202512000000,202512000000,0,
617,199,338,202512,first,1,,202512000000,202512000000,0,
618,183,248,202512,first,2,,202512000000,202512000000,0,
619,248,179,202512,first,1,,202512000000,202512000000,0,
620,0,331,202512,first,1,,202512000000,202512000000,0,
621,331,0,202512,first,1,,202512000000,202512000000,0,
622,0,342,202512,first,11,,202512000000,202512000000,0,
623,342,0,202512,first,10,,202512000000,202512000000,0,
624,298,0,202512,first,1,,202512000000,202512000000,0,
625,0,345,202512,first,1,,202512000000,202512000000,0,
626,345,0,202512,first,1,,202512000000,202512000000,0,
627,0,287,202512,first,10,,202512000000,202512000000,0,
628,287,0,202512,first,10,,202512000000,202512000000,0,
629,297,0,202512,first,2,,202512000000,202512000000,0,
630,179,298,202512,first,1,,202512000000,202512000000,0,
631,298,209,202512,first,1,,202512000000,202512000000,0,
632,298,195,202512,first,1,,202512000000,202512000000,0,
633,209,248,202512,first,1,,202512000000,202512000000,0,
634,195,347,202512,first,1,,202512000000,202512000000,0,
635,195,186,202512,first,1,,202512000000,202512000000,0,
636,209,307,202512,first,1,,202512000000,202512000000,0,
637,186,250,202512,first,1,,202512000000,202512000000,0,
638,250,330,202512,first,1,,202512000000,202512000000,0,
639,330,349,202512,first,1,,202512000000,202512000000,0,
640,349,300,202512,first,1,,202512000000,202512000000,0,
641,186,350,202512,first,1,,202512000000,202512000000,0,
642,350,351,202512,first,1,,202512000000,202512000000,0,
643,351,319,202512,first,1,,202512000000,202512000000,0,
644,319,352,202512,first,1,,202512000000,202512000000,0,
645,352,353,202512,first,1,,202512000000,202512000000,0,
646,353,354,202512,first,1,,202512000000,202512000000,0,
647,354,186,202512,first,1,,202512000000,202512000000,0,
648,352,355,202512,first,1,,202512000000,202512000000,0,
649,355,356,202512,first,1,,202512000000,202512000000,0,
650,356,357,202512,first,1,,202512000000,202512000000,0,
651,352,358,202512,first,1,,202512000000,202512000000,0,
652,358,359,202512,first,1,,202512000000,202512000000,0,
653,359,289,202512,first,1,,202512000000,202512000000,0,
654,289,360,202512,first,1,,202512000000,202512000000,0,
655,265,359,202512,first,1,,202512000000,202512000000,0,
656,0,267,202512,first,8,,202512000000,202512000000,0,
657,267,0,202512,first,8,,202512000000,202512000000,0,
658,0,361,202512,first,1,,202512000000,202512000000,0,
659,361,297,202512,first,1,,202512000000,202512000000,0,
660,0,362,202512,first,1,,202512000000,202512000000,0,
661,362,300,202512,first,1,,202512000000,202512000000,0,
662,0,253,202512,first,4,,202512000000,202512000000,0,
663,253,0,202512,first,5,,202512000000,202512000000,0,
664,0,307,202512,first,5,,202512000000,202512000000,0,
665,307,0,202512,first,5,,202512000000,202512000000,0,
666,179,247,202512,first,1,,202512000000,202512000000,0,
667,247,0,202512,first,2,,202512000000,202512000000,0,
668,0,247,202512,first,2,,202512000000,202512000000,0,
669,248,0,202512,first,3,,202512000000,202512000000,0,
670,188,248,202512,first,1,,202512000000,202512000000,0,
671,179,248,202512,first,2,,202512000000,202512000000,0,
672,192,174,202512,first,1,,202512000000,202512000000,0,
673,0,363,202512,first,1,,202512000000,202512000000,0,
674,363,0,202512,first,1,,202512000000,202512000000,0,
675,192,171,202512,first,1,,202512000000,202512000000,0,
676,171,358,202512,first,1,,202512000000,202512000000,0,
677,358,0,202512,first,1,,202512000000,202512000000,0,
678,179,209,202512,first,1,,202512000000,202512000000,0,
679,0,349,202512,first,2,,202512000000,202512000000,0,
680,349,0,202512,first,2,,202512000000,202512000000,0,
681,171,353,202512,first,1,,202512000000,202512000000,0,
682,353,0,202512,first,3,,202512000000,202512000000,0,
683,0,352,202512,first,3,,202512000000,202512000000,0,
684,352,0,202512,first,2,,202512000000,202512000000,0,
685,352,333,202512,first,1,,202512000000,202512000000,0,
686,0,353,202512,first,2,,202512000000,202512000000,0,
687,0,250,202512,first,5,,202512000000,202512000000,0,
688,250,0,202512,first,5,,202512000000,202512000000,0,
689,171,364,202512,first,2,,202512000000,202512000000,0,
690,364,289,202512,first,1,,202512000000,202512000000,0,
691,289,287,202512,first,1,,202512000000,202512000000,0,
692,0,364,202512,first,2,,202512000000,202512000000,0,
693,364,0,202512,first,2,,202512000000,202512000000,0,
694,171,367,202512,first,3,,202512000000,202512000000,0,
695,367,289,202512,first,1,,202512000000,202512000000,0,
696,0,368,202512,first,13,,202512000000,202512000000,0,
697,368,0,202512,first,11,,202512000000,202512000000,0,
698,368,209,202512,first,1,,202512000000,202512000000,0,
699,368,364,202512,first,1,,202512000000,202512000000,0,
700,364,179,202512,first,1,,202512000000,202512000000,0,
701,179,171,202512,first,1,,202512000000,202512000000,0,
702,171,203,202512,first,2,,202512000000,202512000000,0,
703,364,333,202512,first,1,,202512000000,202512000000,0,
704,171,373,202512,first,1,,202512000000,202512000000,0,
705,373,0,202512,first,2,,202512000000,202512000000,0,
706,191,171,202512,first,1,,202512000000,202512000000,0,
707,183,191,202512,first,1,,202512000000,202512000000,0,
708,171,375,202512,first,1,,202512000000,202512000000,0,
709,375,376,202512,first,1,,202512000000,202512000000,0,
710,376,179,202512,first,1,,202512000000,202512000000,0,
711,250,186,202512,first,2,,202512000000,202512000000,0,
712,334,253,202512,first,2,,202512000000,202512000000,0,
713,250,171,202512,first,3,,202512000000,202512000000,0,
714,171,250,202512,first,1,,202512000000,202512000000,0,
715,250,265,202512,first,1,,202512000000,202512000000,0,
716,367,378,202512,first,1,,202512000000,202512000000,0,
717,367,179,202512,first,1,,202512000000,202512000000,0,
718,0,367,202512,first,2,,202512000000,202512000000,0,
719,367,171,202512,first,2,,202512000000,202512000000,0,
720,367,265,202512,first,1,,202512000000,202512000000,0,
721,288,253,202512,first,1,,202512000000,202512000000,0,
722,253,188,202512,first,3,,202512000000,202512000000,0,
723,0,385,202512,first,1,,202512000000,202512000000,0,
724,385,0,202512,first,1,,202512000000,202512000000,0,
725,183,342,202512,first,3,,202512000000,202512000000,0,
726,342,265,202512,first,1,,202512000000,202512000000,0,
727,0,354,202512,first,1,,202512000000,202512000000,0,
728,354,0,202512,first,1,,202512000000,202512000000,0,
729,342,179,202512,first,2,,202512000000,202512000000,0,
730,188,249,202512,first,1,,202512000000,202512000000,0,
731,367,0,202512,first,1,,202512000000,202512000000,0,
732,253,373,202512,first,1,,202512000000,202512000000,0,
733,174,179,202512,first,1,,202512000000,202512000000,0,
734,171,287,202512,first,1,,202512000000,202512000000,0,
735,0,394,202512,first,1,,202512000000,202512000000,0,
736,394,0,202512,first,1,,202512000000,202512000000,0,
737,297,250,202512,first,1,,202512000000,202512000000,0,
738,203,232,202512,first,1,,202512000000,202512000000,0,
739,0,396,202512,first,1,,202512000000,202512000000,0,
740,396,0,202512,first,1,,202512000000,202512000000,0,
741,248,265,202512,first,1,,202512000000,202512000000,0,
742,265,247,202512,first,1,,202512000000,202512000000,0,
743,209,253,202512,first,1,,202512000000,202512000000,0,
744,183,171,202512,first,3,,202512000000,202512000000,0,
745,171,398,202512,first,1,,202512000000,202512000000,0,
746,398,0,202512,first,1,,202512000000,202512000000,0,
747,232,399,202512,first,1,,202512000000,202512000000,0,
748,399,373,202512,first,1,,202512000000,202512000000,0,
749,373,248,202512,first,1,,202512000000,202512000000,0,
750,399,250,202512,first,1,,202512000000,202512000000,0,
751,250,209,202512,first,1,,202512000000,202512000000,0,
752,399,203,202512,first,1,,202512000000,202512000000,0,
753,399,400,202512,first,1,,202512000000,202512000000,0,
754,400,354,202512,first,1,,202512000000,202512000000,0,
755,183,401,202512,first,2,,202512000000,202512000000,0,
756,401,188,202512,first,1,,202512000000,202512000000,0,
757,401,342,202512,first,1,,202512000000,202512000000,0,
758,183,399,202512,first,1,,202512000000,202512000000,0,
759,171,402,202512,first,1,,202512000000,202512000000,0,
760,402,179,202512,first,1,,202512000000,202512000000,0,
761,203,401,202512,first,1,,202512000000,202512000000,0,
762,401,332,202512,first,1,,202512000000,202512000000,0,
763,297,403,202512,first,1,,202512000000,202512000000,0,
764,0,401,202512,first,1,,202512000000,202512000000,0,
765,401,0,202512,first,1,,202512000000,202512000000,0,
766,401,203,202512,first,1,,202512000000,202512000000,0,
767,332,354,202512,first,1,,202512000000,202512000000,0,
768,354,403,202512,first,1,,202512000000,202512000000,0,
769,403,401,202512,first,1,,202512000000,202512000000,0,
770,401,183,202512,first,1,,202512000000,202512000000,0,
771,203,250,202512,first,1,,202512000000,202512000000,0,
772,297,332,202512,first,1,,202512000000,202512000000,0,
773,332,401,202512,first,1,,202512000000,202512000000,0,
774,297,171,202512,first,1,,202512000000,202512000000,0,
775,183,405,202512,first,1,,202512000000,202512000000,0,
776,405,401,202512,first,1,,202512000000,202512000000,0,
777,171,406,202512,first,1,,202512000000,202512000000,0,
778,183,373,202512,first,2,,202512000000,202512000000,0,
779,298,297,202512,first,1,,202512000000,202512000000,0,
780,300,253,202512,first,1,,202512000000,202512000000,0,
781,0,408,202512,first,5,,202512000000,202512000000,0,
782,408,0,202512,first,5,,202512000000,202512000000,0,
783,0,409,202601,first,147,,202601000000,202601000000,0,
784,409,0,202601,first,125,,202601000000,202601000000,0,
785,409,410,202601,first,16,,202601000000,202601000000,0,
786,410,411,202601,first,26,,202601000000,202601000000,0,
787,411,0,202601,first,20,,202601000000,202601000000,0,
788,0,414,202601,first,4,,202601000000,202601000000,0,
789,414,0,202601,first,3,,202601000000,202601000000,0,
790,0,415,202601,first,3,,202601000000,202601000000,0,
791,415,0,202601,first,3,,202601000000,202601000000,0,
792,0,413,202601,first,91,,202601000000,202601000000,0,
793,413,0,202601,first,80,,202601000000,202601000000,0,
794,0,416,202601,first,4,,202601000000,202601000000,0,
795,416,0,202601,first,5,,202601000000,202601000000,0,
796,0,411,202601,first,12,,202601000000,202601000000,0,
797,0,418,202601,first,1,,202601000000,202601000000,0,
798,418,0,202601,first,1,,202601000000,202601000000,0,
799,409,413,202601,first,5,,202601000000,202601000000,0,
800,413,419,202601,first,1,,202601000000,202601000000,0,
801,419,0,202601,first,6,,202601000000,202601000000,0,
802,0,421,202601,first,3,,202601000000,202601000000,0,
803,421,416,202601,first,2,,202601000000,202601000000,0,
804,421,0,202601,first,1,,202601000000,202601000000,0,
805,0,422,202601,first,23,,202601000000,202601000000,0,
806,422,0,202601,first,23,,202601000000,202601000000,0,
807,0,424,202601,first,4,,202601000000,202601000000,0,
808,424,0,202601,first,3,,202601000000,202601000000,0,
809,413,425,202601,first,1,,202601000000,202601000000,0,
810,425,0,202601,first,1,,202601000000,202601000000,0,
811,0,419,202601,first,4,,202601000000,202601000000,0,
812,419,426,202601,first,1,,202601000000,202601000000,0,
813,426,427,202601,first,1,,202601000000,202601000000,0,
814,413,426,202601,first,2,,202601000000,202601000000,0,
815,426,429,202601,first,1,,202601000000,202601000000,0,
816,429,431,202601,first,1,,202601000000,202601000000,0,
817,431,0,202601,first,1,,202601000000,202601000000,0,
818,409,424,202601,first,1,,202601000000,202601000000,0,
819,413,432,202601,first,1,,202601000000,202601000000,0,
820,432,409,202601,first,1,,202601000000,202601000000,0,
821,0,433,202601,first,3,,202601000000,202601000000,0,
822,433,0,202601,first,2,,202601000000,202601000000,0,
823,413,434,202601,first,1,,202601000000,202601000000,0,
824,434,0,202601,first,1,,202601000000,202601000000,0,
825,0,435,202601,first,1,,202601000000,202601000000,0,
826,435,0,202601,first,1,,202601000000,202601000000,0,
827,0,436,202601,first,1,,202601000000,202601000000,0,
828,436,0,202601,first,1,,202601000000,202601000000,0,
829,433,437,202601,first,1,,202601000000,202601000000,0,
830,437,438,202601,first,1,,202601000000,202601000000,0,
831,438,0,202601,first,1,,202601000000,202601000000,0,
832,0,439,202601,first,1,,202601000000,202601000000,0,
833,439,0,202601,first,1,,202601000000,202601000000,0,
834,0,440,202601,first,9,,202601000000,202601000000,0,
835,440,0,202601,first,9,,202601000000,202601000000,0,
836,0,441,202601,first,1,,202601000000,202601000000,0,
837,441,442,202601,first,1,,202601000000,202601000000,0,
838,426,443,202601,first,1,,202601000000,202601000000,0,
839,443,410,202601,first,1,,202601000000,202601000000,0,
840,410,444,202601,first,1,,202601000000,202601000000,0,
841,444,445,202601,first,1,,202601000000,202601000000,0,
842,445,442,202601,first,1,,202601000000,202601000000,0,
843,444,446,202601,first,1,,202601000000,202601000000,0,
844,446,0,202601,first,2,,202601000000,202601000000,0,
845,0,447,202601,first,2,,202601000000,202601000000,0,
846,447,0,202601,first,2,,202601000000,202601000000,0,
847,0,449,202601,first,1,,202601000000,202601000000,0,
848,449,0,202601,first,1,,202601000000,202601000000,0,
849,409,451,202601,first,1,,202601000000,202601000000,0,
850,451,410,202601,first,1,,202601000000,202601000000,0,
851,410,413,202601,first,2,,202601000000,202601000000,0,
852,413,454,202601,first,1,,202601000000,202601000000,0,
853,454,0,202601,first,1,,202601000000,202601000000,0,
854,413,455,202601,first,1,,202601000000,202601000000,0,
855,455,0,202601,first,1,,202601000000,202601000000,0,
856,410,426,202601,first,1,,202601000000,202601000000,0,
857,426,445,202601,first,1,,202601000000,202601000000,0,
858,445,0,202601,first,1,,202601000000,202601000000,0,
859,413,456,202601,first,2,,202601000000,202601000000,0,
860,413,457,202601,first,3,,202601000000,202601000000,0,
861,456,410,202601,first,1,,202601000000,202601000000,0,
862,0,459,202601,first,1,,202601000000,202601000000,0,
863,459,440,202601,first,1,,202601000000,202601000000,0,
864,440,419,202601,first,2,,202601000000,202601000000,0,
865,413,415,202601,first,1,,202601000000,202601000000,0,
866,414,413,202601,first,1,,202601000000,202601000000,0,
867,413,409,202601,first,2,,202601000000,202601000000,0,
868,413,462,202601,first,2,,202601000000,202601000000,0,
869,462,0,202601,first,2,,202601000000,202601000000,0,
870,0,463,202601,first,2,,202601000000,202601000000,0,
871,463,0,202601,first,2,,202601000000,202601000000,0,
872,0,464,202601,first,1,,202601000000,202601000000,0,
873,464,440,202601,first,1,,202601000000,202601000000,0,
874,0,466,202601,first,1,,202601000000,202601000000,0,
875,466,0,202601,first,1,,202601000000,202601000000,0,
876,424,467,202601,first,1,,202601000000,202601000000,0,
877,467,419,202601,first,1,,202601000000,202601000000,0,
878,411,469,202601,first,2,,202601000000,202601000000,0,
879,469,413,202601,first,1,,202601000000,202601000000,0,
880,413,470,202601,first,1,,202601000000,202601000000,0,
881,470,0,202601,first,1,,202601000000,202601000000,0,
882,469,0,202601,first,2,,202601000000,202601000000,0,
883,0,456,202601,first,2,,202601000000,202601000000,0,
884,456,409,202601,first,1,,202601000000,202601000000,0,
885,0,426,202601,first,2,,202601000000,202601000000,0,
886,426,0,202601,first,2,,202601000000,202601000000,0,
887,414,410,202601,first,1,,202601000000,202601000000,0,
888,413,472,202601,first,1,,202601000000,202601000000,0,
889,472,0,202601,first,1,,202601000000,202601000000,0,
890,0,473,202601,first,1,,202601000000,202601000000,0,
891,473,0,202601,first,1,,202601000000,202601000000,0,
892,0,474,202601,first,1,,202601000000,202601000000,0,
893,474,0,202601,first,1,,202601000000,202601000000,0,
894,0,469,202601,first,2,,202601000000,202601000000,0,
895,0,475,202601,first,1,,202601000000,202601000000,0,
896,475,0,202601,first,1,,202601000000,202601000000,0,
897,0,476,202601,first,1,,202601000000,202601000000,0,
898,476,0,202601,first,1,,202601000000,202601000000,0,
899,0,477,202601,first,1,,202601000000,202601000000,0,
900,477,0,202601,first,1,,202601000000,202601000000,0,
901,0,478,202601,first,1,,202601000000,202601000000,0,
902,478,0,202601,first,1,,202601000000,202601000000,0,
903,0,410,202601,first,12,,202601000000,202601000000,0,
904,410,409,202601,first,1,,202601000000,202601000000,0,
905,410,0,202601,first,14,,202601000000,202601000000,0,
906,0,467,202601,first,1,,202601000000,202601000000,0,
907,467,0,202601,first,1,,202601000000,202601000000,0,
908,0,481,202601,first,1,,202601000000,202601000000,0,
909,481,0,202601,first,1,,202601000000,202601000000,0,
910,456,0,202601,first,1,,202601000000,202601000000,0,
911,0,482,202601,first,2,,202601000000,202601000000,0,
912,482,0,202601,first,2,,202601000000,202601000000,0,
913,409,482,202601,first,1,,202601000000,202601000000,0,
914,482,483,202601,first,1,,202601000000,202601000000,0,
915,409,484,202601,first,1,,202601000000,202601000000,0,
916,484,482,202601,first,1,,202601000000,202601000000,0,
917,409,485,202601,first,1,,202601000000,202601000000,0,
918,485,0,202601,first,1,,202601000000,202601000000,0,
919,0,486,202601,first,1,,202601000000,202601000000,0,
920,486,0,202601,first,1,,202601000000,202601000000,0,
921,413,488,202601,first,1,,202601000000,202601000000,0,
922,488,444,202601,first,1,,202601000000,202601000000,0,
923,444,0,202601,first,1,,202601000000,202601000000,0,
924,0,443,202601,first,1,,202601000000,202601000000,0,
925,443,0,202601,first,1,,202601000000,202601000000,0,
926,469,409,202601,first,1,,202601000000,202601000000,0,
927,409,490,202601,first,1,,202601000000,202601000000,0,
928,490,413,202601,first,1,,202601000000,202601000000,0,
929,457,456,202601,first,1,,202601000000,202601000000,0,
930,456,491,202601,first,1,,202601000000,202601000000,0,
931,409,492,202601,first,1,,202601000000,202601000000,0,
932,492,484,202601,first,1,,202601000000,202601000000,0,
933,484,0,202601,first,1,,202601000000,202601000000,0,
934,457,0,202601,first,1,,202601000000,202601000000,0,
935,0,492,202601,first,1,,202601000000,202601000000,0,
936,492,0,202601,first,1,,202601000000,202601000000,0,
937,0,493,202601,first,1,,202601000000,202601000000,0,
938,493,0,202601,first,1,,202601000000,202601000000,0,
939,413,414,202601,first,1,,202601000000,202601000000,0,
940,424,419,202601,first,1,,202601000000,202601000000,0,
941,419,440,202601,first,1,,202601000000,202601000000,0,
942,440,446,202601,first,1,,202601000000,202601000000,0,
943,0,496,202602,first,1,,202602000000,202602000000,0,
944,496,0,202602,first,1,,202602000000,202602000000,0,
945,0,494,202602,first,33,,202602000000,202602000000,0,
946,494,0,202602,first,32,,202602000000,202602000000,0,
947,0,497,202602,first,4,,202602000000,202602000000,0,
948,497,0,202602,first,4,,202602000000,202602000000,0,
949,0,495,202602,first,19,,202602000000,202602000000,0,
950,495,0,202602,first,19,,202602000000,202602000000,0,
951,0,498,202602,first,37,,202602000000,202602000000,0,
952,498,0,202602,first,35,,202602000000,202602000000,0,
953,0,502,202602,first,2,,202602000000,202602000000,0,
954,502,0,202602,first,2,,202602000000,202602000000,0,
955,0,503,202602,first,7,,202602000000,202602000000,0,
956,503,0,202602,first,7,,202602000000,202602000000,0,
957,0,505,202602,first,3,,202602000000,202602000000,0,
958,505,0,202602,first,3,,202602000000,202602000000,0,
959,0,506,202602,first,2,,202602000000,202602000000,0,
960,506,0,202602,first,2,,202602000000,202602000000,0,
961,0,508,202602,first,1,,202602000000,202602000000,0,
962,508,0,202602,first,1,,202602000000,202602000000,0,
963,494,495,202602,first,2,,202602000000,202602000000,0,
964,0,510,202602,first,2,,202602000000,202602000000,0,
965,510,0,202602,first,2,,202602000000,202602000000,0,
966,0,511,202602,first,7,,202602000000,202602000000,0,
967,511,0,202602,first,9,,202602000000,202602000000,0,
968,0,514,202602,first,1,,202602000000,202602000000,0,
969,514,0,202602,first,1,,202602000000,202602000000,0,
970,0,517,202602,first,4,,202602000000,202602000000,0,
971,517,0,202602,first,4,,202602000000,202602000000,0,
972,0,519,202602,first,1,,202602000000,202602000000,0,
973,519,511,202602,first,1,,202602000000,202602000000,0,
974,0,521,202602,first,1,,202602000000,202602000000,0,
975,521,0,202602,first,1,,202602000000,202602000000,0,
976,498,502,202602,first,1,,202602000000,202602000000,0,
977,502,498,202602,first,1,,202602000000,202602000000,0,
978,498,522,202602,first,1,,202602000000,202602000000,0,
979,522,523,202602,first,1,,202602000000,202602000000,0,
980,523,511,202602,first,1,,202602000000,202602000000,0,
981,0,524,202602,first,1,,202602000000,202602000000,0,
982,524,0,202602,first,1,,202602000000,202602000000,0,
983,511,498,202602,first,1,,202602000000,202602000000,0,
984,0,525,202602,first,2,,202602000000,202602000000,0,
985,525,0,202602,first,2,,202602000000,202602000000,0,
986,495,527,202602,first,1,,202602000000,202602000000,0,
987,495,528,202602,first,1,,202602000000,202602000000,0,
988,528,0,202602,first,1,,202602000000,202602000000,0,
989,0,529,202602,first,14,,202602000000,202602000000,0,
990,529,0,202602,first,11,,202602000000,202602000000,0,
991,0,530,202602,first,4,,202602000000,202602000000,0,
992,530,0,202602,first,4,,202602000000,202602000000,0,
993,0,523,202602,first,7,,202602000000,202602000000,0,
994,523,0,202602,first,7,,202602000000,202602000000,0,
995,0,534,202602,first,1,,202602000000,202602000000,0,
996,534,0,202602,first,1,,202602000000,202602000000,0,
997,529,502,202602,first,1,,202602000000,202602000000,0,
998,502,528,202602,first,1,,202602000000,202602000000,0,
999,528,535,202602,first,1,,202602000000,202602000000,0,
1000,535,0,202602,first,1,,202602000000,202602000000,0,
1001,529,540,202602,first,1,,202602000000,202602000000,0,
1002,540,0,202602,first,1,,202602000000,202602000000,0,
1003,0,541,202602,first,1,,202602000000,202602000000,0,
1004,541,0,202602,first,1,,202602000000,202602000000,0,
1005,498,511,202602,first,2,,202602000000,202602000000,0,
1006,0,522,202602,first,1,,202602000000,202602000000,0,
1007,522,0,202602,first,1,,202602000000,202602000000,0,
1008,529,494,202602,first,1,,202602000000,202602000000,0,
1009,0,544,202602,first,1,,202602000000,202602000000,0,
1010,544,0,202602,first,1,,202602000000,202602000000,0,
1024,0,1,202511,all,168,,20251101000000,20251101000000,0,
1025,1,3,202511,all,42,,20251101000000,20251101000000,0,
1026,3,4,202511,all,13,,20251101000000,20251101000000,0,
1027,4,3,202511,all,34,,20251101000000,20251101000000,0,
1028,3,5,202511,all,10,,20251101000000,20251101000000,0,
1029,5,4,202511,all,7,,20251101000000,20251101000000,0,
1030,5,3,202511,all,12,,20251101000000,20251101000000,0,
1031,3,0,202511,all,63,,20251101000000,20251101000000,0,
1032,1,0,202511,all,101,,20251101000000,20251101000000,0,
1033,0,6,202511,all,35,,20251101000000,20251101000000,0,
1034,6,7,202511,all,1,,20251101000000,20251101000000,0,
1035,7,0,202511,all,2,,20251101000000,20251101000000,0,
1036,0,8,202511,all,1,,20251101000000,20251101000000,0,
1037,8,1,202511,all,1,,20251101000000,20251101000000,0,
1038,0,10,202511,all,1,,20251101000000,20251101000000,0,
1039,10,0,202511,all,1,,20251101000000,20251101000000,0,
1040,0,3,202511,all,63,,20251101000000,20251101000000,0,
1041,3,1,202511,all,18,,20251101000000,20251101000000,0,
1042,3,11,202511,all,9,,20251101000000,20251101000000,0,
1043,11,12,202511,all,2,,20251101000000,20251101000000,0,
1044,12,13,202511,all,2,,20251101000000,20251101000000,0,
1045,13,14,202511,all,50,,20251101000000,20251101000000,0,
1046,14,12,202511,all,2,,20251101000000,20251101000000,0,
1047,12,3,202511,all,1,,20251101000000,20251101000000,0,
1048,12,16,202511,all,2,,20251101000000,20251101000000,0,
1049,16,4,202511,all,1,,20251101000000,20251101000000,0,
1050,4,5,202511,all,3,,20251101000000,20251101000000,0,
1051,1,17,202511,all,2,,20251101000000,20251101000000,0,
1052,17,1,202511,all,1,,20251101000000,20251101000000,0,
1053,1,5,202511,all,6,,20251101000000,20251101000000,0,
1054,5,18,202511,all,1,,20251101000000,20251101000000,0,
1055,18,1,202511,all,1,,20251101000000,20251101000000,0,
1056,1,20,202511,all,7,,20251101000000,20251101000000,0,
1057,20,21,202511,all,6,,20251101000000,20251101000000,0,
1058,21,23,202511,all,3,,20251101000000,20251101000000,0,
1059,23,4,202511,all,4,,20251101000000,20251101000000,0,
1060,4,25,202511,all,6,,20251101000000,20251101000000,0,
1061,25,26,202511,all,1,,20251101000000,20251101000000,0,
1062,26,4,202511,all,2,,20251101000000,20251101000000,0,
1063,4,27,202511,all,9,,20251101000000,20251101000000,0,
1064,27,26,202511,all,11,,20251101000000,20251101000000,0,
1065,26,27,202511,all,7,,20251101000000,20251101000000,0,
1066,27,4,202511,all,7,,20251101000000,20251101000000,0,
1067,3,12,202511,all,4,,20251101000000,20251101000000,0,
1068,16,3,202511,all,1,,20251101000000,20251101000000,0,
1069,11,4,202511,all,5,,20251101000000,20251101000000,0,
1070,4,20,202511,all,1,,20251101000000,20251101000000,0,
1071,21,20,202511,all,4,,20251101000000,20251101000000,0,
1072,20,31,202511,all,4,,20251101000000,20251101000000,0,
1073,31,32,202511,all,1,,20251101000000,20251101000000,0,
1074,32,33,202511,all,1,,20251101000000,20251101000000,0,
1075,33,34,202511,all,3,,20251101000000,20251101000000,0,
1076,34,13,202511,all,4,,20251101000000,20251101000000,0,
1077,14,3,202511,all,1,,20251101000000,20251101000000,0,
1078,11,3,202511,all,3,,20251101000000,20251101000000,0,
1079,4,1,202511,all,32,,20251101000000,20251101000000,0,
1080,1,4,202511,all,28,,20251101000000,20251101000000,0,
1081,20,1,202511,all,6,,20251101000000,20251101000000,0,
1082,20,3,202511,all,1,,20251101000000,20251101000000,0,
1083,0,5,202511,all,2,,20251101000000,20251101000000,0,
1084,4,0,202511,all,34,,20251101000000,20251101000000,0,
1085,0,4,202511,all,13,,20251101000000,20251101000000,0,
1086,3,20,202511,all,2,,20251101000000,20251101000000,0,
1087,4,13,202511,all,9,,20251101000000,20251101000000,0,
1088,14,36,202511,all,2,,20251101000000,20251101000000,0,
1089,36,14,202511,all,1,,20251101000000,20251101000000,0,
1090,14,13,202511,all,31,,20251101000000,20251101000000,0,
1091,13,4,202511,all,10,,20251101000000,20251101000000,0,
1092,3,6,202511,all,5,,20251101000000,20251101000000,0,
1093,6,3,202511,all,2,,20251101000000,20251101000000,0,
1094,4,41,202511,all,7,,20251101000000,20251101000000,0,
1095,41,4,202511,all,4,,20251101000000,20251101000000,0,
1096,3,42,202511,all,10,,20251101000000,20251101000000,0,
1097,42,3,202511,all,2,,20251101000000,20251101000000,0,
1098,3,17,202511,all,3,,20251101000000,20251101000000,0,
1099,17,3,202511,all,1,,20251101000000,20251101000000,0,
1100,42,11,202511,all,2,,20251101000000,20251101000000,0,
1101,5,0,202511,all,1,,20251101000000,20251101000000,0,
1102,42,0,202511,all,4,,20251101000000,20251101000000,0,
1103,25,3,202511,all,2,,20251101000000,20251101000000,0,
1104,4,43,202511,all,1,,20251101000000,20251101000000,0,
1105,43,25,202511,all,1,,20251101000000,20251101000000,0,
1106,11,20,202511,all,1,,20251101000000,20251101000000,0,
1107,31,23,202511,all,4,,20251101000000,20251101000000,0,
1108,23,31,202511,all,2,,20251101000000,20251101000000,0,
1109,31,13,202511,all,1,,20251101000000,20251101000000,0,
1110,14,34,202511,all,1,,20251101000000,20251101000000,0,
1111,34,23,202511,all,1,,20251101000000,20251101000000,0,
1112,4,17,202511,all,1,,20251101000000,20251101000000,0,
1113,17,4,202511,all,1,,20251101000000,20251101000000,0,
1114,3,34,202511,all,1,,20251101000000,20251101000000,0,
1115,34,0,202511,all,1,,20251101000000,20251101000000,0,
1116,1,53,202511,all,2,,20251101000000,20251101000000,0,
1117,53,54,202511,all,1,,20251101000000,20251101000000,0,
1118,54,20,202511,all,1,,20251101000000,20251101000000,0,
1119,20,5,202511,all,1,,20251101000000,20251101000000,0,
1120,0,20,202511,all,1,,20251101000000,20251101000000,0,
1121,20,53,202511,all,1,,20251101000000,20251101000000,0,
1122,53,1,202511,all,1,,20251101000000,20251101000000,0,
1123,53,4,202511,all,1,,20251101000000,20251101000000,0,
1124,0,9,202511,all,18,,20251101000000,20251101000000,0,
1125,9,0,202511,all,17,,20251101000000,20251101000000,0,
1126,5,1,202511,all,4,,20251101000000,20251101000000,0,
1127,1,58,202511,all,3,,20251101000000,20251101000000,0,
1128,58,1,202511,all,1,,20251101000000,20251101000000,0,
1129,1,13,202511,all,8,,20251101000000,20251101000000,0,
1130,14,0,202511,all,62,,20251101000000,20251101000000,0,
1131,1,14,202511,all,20,,20251101000000,20251101000000,0,
1132,14,1,202511,all,13,,20251101000000,20251101000000,0,
1133,36,1,202511,all,1,,20251101000000,20251101000000,0,
1134,14,4,202511,all,23,,20251101000000,20251101000000,0,
1135,4,14,202511,all,16,,20251101000000,20251101000000,0,
1136,0,14,202511,all,57,,20251101000000,20251101000000,0,
1137,3,61,202511,all,1,,20251101000000,20251101000000,0,
1138,61,1,202511,all,1,,20251101000000,20251101000000,0,
1139,3,62,202511,all,13,,20251101000000,20251101000000,0,
1140,62,4,202511,all,5,,20251101000000,20251101000000,0,
1141,4,42,202511,all,1,,20251101000000,20251101000000,0,
1142,42,62,202511,all,2,,20251101000000,20251101000000,0,
1143,62,3,202511,all,4,,20251101000000,20251101000000,0,
1144,26,1,202511,all,1,,20251101000000,20251101000000,0,
1145,62,1,202511,all,2,,20251101000000,20251101000000,0,
1146,3,63,202511,all,2,,20251101000000,20251101000000,0,
1147,63,1,202511,all,3,,20251101000000,20251101000000,0,
1148,62,5,202511,all,3,,20251101000000,20251101000000,0,
1149,5,62,202511,all,1,,20251101000000,20251101000000,0,
1150,62,63,202511,all,1,,20251101000000,20251101000000,0,
1151,6,0,202511,all,57,,20251101000000,20251101000000,0,
1152,3,64,202511,all,5,,20251101000000,20251101000000,0,
1153,64,3,202511,all,1,,20251101000000,20251101000000,0,
1154,25,4,202511,all,8,,20251101000000,20251101000000,0,
1155,17,65,202511,all,4,,20251101000000,20251101000000,0,
1156,65,17,202511,all,1,,20251101000000,20251101000000,0,
1157,65,5,202511,all,1,,20251101000000,20251101000000,0,
1158,3,18,202511,all,1,,20251101000000,20251101000000,0,
1159,18,67,202511,all,1,,20251101000000,20251101000000,0,
1160,67,5,202511,all,1,,20251101000000,20251101000000,0,
1161,12,11,202511,all,1,,20251101000000,20251101000000,0,
1162,1,12,202511,all,1,,20251101000000,20251101000000,0,
1163,12,4,202511,all,4,,20251101000000,20251101000000,0,
1164,11,0,202511,all,3,,20251101000000,20251101000000,0,
1165,65,68,202511,all,1,,20251101000000,20251101000000,0,
1166,68,0,202511,all,1,,20251101000000,20251101000000,0,
1167,5,69,202511,all,1,,20251101000000,20251101000000,0,
1168,69,3,202511,all,4,,20251101000000,20251101000000,0,
1169,0,69,202511,all,3,,20251101000000,20251101000000,0,
1170,64,1,202511,all,1,,20251101000000,20251101000000,0,
1171,1,6,202511,all,37,,20251101000000,20251101000000,0,
1172,6,1,202511,all,31,,20251101000000,20251101000000,0,
1173,4,6,202511,all,24,,20251101000000,20251101000000,0,
1174,3,70,202511,all,1,,20251101000000,20251101000000,0,
1175,70,3,202511,all,1,,20251101000000,20251101000000,0,
1176,0,71,202511,all,1,,20251101000000,20251101000000,0,
1177,71,0,202511,all,2,,20251101000000,20251101000000,0,
1178,1,70,202511,all,1,,20251101000000,20251101000000,0,
1179,70,1,202511,all,1,,20251101000000,20251101000000,0,
1180,1,69,202511,all,4,,20251101000000,20251101000000,0,
1181,69,68,202511,all,2,,20251101000000,20251101000000,0,
1182,68,1,202511,all,1,,20251101000000,20251101000000,0,
1183,69,1,202511,all,4,,20251101000000,20251101000000,0,
1184,3,69,202511,all,6,,20251101000000,20251101000000,0,
1185,69,4,202511,all,5,,20251101000000,20251101000000,0,
1186,0,72,202511,all,1,,20251101000000,20251101000000,0,
1187,72,0,202511,all,1,,20251101000000,20251101000000,0,
1188,0,11,202511,all,1,,20251101000000,20251101000000,0,
1189,0,54,202511,all,1,,20251101000000,20251101000000,0,
1190,54,16,202511,all,1,,20251101000000,20251101000000,0,
1191,16,12,202511,all,1,,20251101000000,20251101000000,0,
1192,4,11,202511,all,1,,20251101000000,20251101000000,0,
1193,9,73,202511,all,1,,20251101000000,20251101000000,0,
1194,73,0,202511,all,3,,20251101000000,20251101000000,0,
1195,0,74,202511,all,4,,20251101000000,20251101000000,0,
1196,74,73,202511,all,2,,20251101000000,20251101000000,0,
1197,6,69,202511,all,4,,20251101000000,20251101000000,0,
1198,69,6,202511,all,3,,20251101000000,20251101000000,0,
1199,58,77,202511,all,7,,20251101000000,20251101000000,0,
1200,77,79,202511,all,7,,20251101000000,20251101000000,0,
1201,79,13,202511,all,8,,20251101000000,20251101000000,0,
1202,6,4,202511,all,32,,20251101000000,20251101000000,0,
1203,3,68,202511,all,5,,20251101000000,20251101000000,0,
1204,68,6,202511,all,1,,20251101000000,20251101000000,0,
1205,73,1,202511,all,1,,20251101000000,20251101000000,0,
1206,1,73,202511,all,1,,20251101000000,20251101000000,0,
1207,1,62,202511,all,1,,20251101000000,20251101000000,0,
1208,62,6,202511,all,1,,20251101000000,20251101000000,0,
1209,62,42,202511,all,1,,20251101000000,20251101000000,0,
1210,42,68,202511,all,1,,20251101000000,20251101000000,0,
1211,68,42,202511,all,1,,20251101000000,20251101000000,0,
1212,13,1,202511,all,2,,20251101000000,20251101000000,0,
1213,42,64,202511,all,1,,20251101000000,20251101000000,0,
1214,64,0,202511,all,5,,20251101000000,20251101000000,0,
1215,74,0,202511,all,2,,20251101000000,20251101000000,0,
1216,0,64,202511,all,3,,20251101000000,20251101000000,0,
1217,0,27,202511,all,3,,20251101000000,20251101000000,0,
1218,27,0,202511,all,5,,20251101000000,20251101000000,0,
1219,69,0,202511,all,4,,20251101000000,20251101000000,0,
1220,0,25,202511,all,2,,20251101000000,20251101000000,0,
1221,25,0,202511,all,1,,20251101000000,20251101000000,0,
1222,64,4,202511,all,1,,20251101000000,20251101000000,0,
1223,1,68,202511,all,1,,20251101000000,20251101000000,0,
1224,68,62,202511,all,2,,20251101000000,20251101000000,0,
1225,62,69,202511,all,1,,20251101000000,20251101000000,0,
1226,68,4,202511,all,1,,20251101000000,20251101000000,0,
1227,6,85,202511,all,3,,20251101000000,20251101000000,0,
1228,85,4,202511,all,2,,20251101000000,20251101000000,0,
1229,1,34,202511,all,1,,20251101000000,20251101000000,0,
1230,34,6,202511,all,1,,20251101000000,20251101000000,0,
1231,85,6,202511,all,1,,20251101000000,20251101000000,0,
1232,6,20,202511,all,1,,20251101000000,20251101000000,0,
1233,23,32,202511,all,1,,20251101000000,20251101000000,0,
1234,32,6,202511,all,1,,20251101000000,20251101000000,0,
1235,6,33,202511,all,3,,20251101000000,20251101000000,0,
1236,34,33,202511,all,2,,20251101000000,20251101000000,0,
1237,33,6,202511,all,1,,20251101000000,20251101000000,0,
1238,69,86,202511,all,1,,20251101000000,20251101000000,0,
1239,86,6,202511,all,1,,20251101000000,20251101000000,0,
1240,6,11,202511,all,1,,20251101000000,20251101000000,0,
1241,11,69,202511,all,2,,20251101000000,20251101000000,0,
1242,64,87,202511,all,1,,20251101000000,20251101000000,0,
1243,87,6,202511,all,1,,20251101000000,20251101000000,0,
1244,3,88,202511,all,1,,20251101000000,20251101000000,0,
1245,88,14,202511,all,1,,20251101000000,20251101000000,0,
1246,62,17,202511,all,1,,20251101000000,20251101000000,0,
1247,17,12,202511,all,1,,20251101000000,20251101000000,0,
1248,12,33,202511,all,1,,20251101000000,20251101000000,0,
1249,33,13,202511,all,2,,20251101000000,20251101000000,0,
1250,42,69,202511,all,2,,20251101000000,20251101000000,0,
1251,3,89,202511,all,10,,20251101000000,20251101000000,0,
1252,89,3,202511,all,6,,20251101000000,20251101000000,0,
1253,89,1,202511,all,2,,20251101000000,20251101000000,0,
1254,89,63,202511,all,5,,20251101000000,20251101000000,0,
1255,63,89,202511,all,4,,20251101000000,20251101000000,0,
1256,63,0,202511,all,1,,20251101000000,20251101000000,0,
1257,63,12,202511,all,1,,20251101000000,20251101000000,0,
1258,12,14,202511,all,1,,20251101000000,20251101000000,0,
1259,89,0,202511,all,2,,20251101000000,20251101000000,0,
1260,69,63,202511,all,1,,20251101000000,20251101000000,0,
1261,4,58,202511,all,2,,20251101000000,20251101000000,0,
1262,58,91,202511,all,2,,20251101000000,20251101000000,0,
1263,91,33,202511,all,1,,20251101000000,20251101000000,0,
1264,33,4,202511,all,2,,20251101000000,20251101000000,0,
1265,0,91,202511,all,1,,20251101000000,20251101000000,0,
1266,91,13,202511,all,1,,20251101000000,20251101000000,0,
1267,13,34,202511,all,1,,20251101000000,20251101000000,0,
1268,4,33,202511,all,1,,20251101000000,20251101000000,0,
1269,13,32,202511,all,1,,20251101000000,20251101000000,0,
1270,32,85,202511,all,2,,20251101000000,20251101000000,0,
1271,85,31,202511,all,2,,20251101000000,20251101000000,0,
1272,31,20,202511,all,4,,20251101000000,20251101000000,0,
1273,20,23,202511,all,2,,20251101000000,20251101000000,0,
1274,89,4,202511,all,3,,20251101000000,20251101000000,0,
1275,26,0,202511,all,1,,20251101000000,20251101000000,0,
1276,3,31,202511,all,2,,20251101000000,20251101000000,0,
1277,31,3,202511,all,1,,20251101000000,20251101000000,0,
1278,20,32,202511,all,2,,20251101000000,20251101000000,0,
1279,32,20,202511,all,2,,20251101000000,20251101000000,0,
1280,20,4,202511,all,4,,20251101000000,20251101000000,0,
1281,4,32,202511,all,2,,20251101000000,20251101000000,0,
1282,20,6,202511,all,3,,20251101000000,20251101000000,0,
1283,13,58,202511,all,2,,20251101000000,20251101000000,0,
1284,58,6,202511,all,1,,20251101000000,20251101000000,0,
1285,85,3,202511,all,1,,20251101000000,20251101000000,0,
1286,17,69,202511,all,1,,20251101000000,20251101000000,0,
1287,0,89,202511,all,3,,20251101000000,20251101000000,0,
1288,89,69,202511,all,1,,20251101000000,20251101000000,0,
1289,69,42,202511,all,1,,20251101000000,20251101000000,0,
1290,6,58,202511,all,2,,20251101000000,20251101000000,0,
1291,91,6,202511,all,1,,20251101000000,20251101000000,0,
1292,0,17,202511,all,1,,20251101000000,20251101000000,0,
1293,17,6,202511,all,1,,20251101000000,20251101000000,0,
1294,6,13,202511,all,3,,20251101000000,20251101000000,0,
1295,1,89,202511,all,1,,20251101000000,20251101000000,0,
1296,68,3,202511,all,3,,20251101000000,20251101000000,0,
1297,6,54,202511,all,1,,20251101000000,20251101000000,0,
1298,54,4,202511,all,1,,20251101000000,20251101000000,0,
1299,1,92,202511,all,30,,20251101000000,20251101000000,0,
1300,92,93,202511,all,2,,20251101000000,20251101000000,0,
1301,93,1,202511,all,1,,20251101000000,20251101000000,0,
1302,3,92,202511,all,1,,20251101000000,20251101000000,0,
1303,93,4,202511,all,1,,20251101000000,20251101000000,0,
1304,0,92,202511,all,65,,20251101000000,20251101000000,0,
1305,92,89,202511,all,1,,20251101000000,20251101000000,0,
1306,4,92,202511,all,10,,20251101000000,20251101000000,0,
1307,92,94,202511,all,3,,20251101000000,20251101000000,0,
1308,94,95,202511,all,1,,20251101000000,20251101000000,0,
1309,95,96,202511,all,2,,20251101000000,20251101000000,0,
1310,96,93,202511,all,1,,20251101000000,20251101000000,0,
1311,93,97,202511,all,1,,20251101000000,20251101000000,0,
1312,97,6,202511,all,1,,20251101000000,20251101000000,0,
1313,92,98,202511,all,3,,20251101000000,20251101000000,0,
1314,98,92,202511,all,3,,20251101000000,20251101000000,0,
1315,98,6,202511,all,2,,20251101000000,20251101000000,0,
1316,6,98,202511,all,1,,20251101000000,20251101000000,0,
1317,6,92,202511,all,7,,20251101000000,20251101000000,0,
1318,92,6,202511,all,18,,20251101000000,20251101000000,0,
1319,92,99,202511,all,10,,20251101000000,20251101000000,0,
1320,99,4,202511,all,7,,20251101000000,20251101000000,0,
1321,4,98,202511,all,1,,20251101000000,20251101000000,0,
1322,92,100,202511,all,1,,20251101000000,20251101000000,0,
1323,100,101,202511,all,1,,20251101000000,20251101000000,0,
1324,101,102,202511,all,1,,20251101000000,20251101000000,0,
1325,102,92,202511,all,1,,20251101000000,20251101000000,0,
1326,92,103,202511,all,1,,20251101000000,20251101000000,0,
1327,103,101,202511,all,1,,20251101000000,20251101000000,0,
1328,101,92,202511,all,1,,20251101000000,20251101000000,0,
1329,92,95,202511,all,15,,20251101000000,20251101000000,0,
1330,95,92,202511,all,8,,20251101000000,20251101000000,0,
1331,92,104,202511,all,1,,20251101000000,20251101000000,0,
1332,104,0,202511,all,1,,20251101000000,20251101000000,0,
1333,6,105,202511,all,46,,20251101000000,20251101000000,0,
1334,105,0,202511,all,76,,20251101000000,20251101000000,0,
1335,92,4,202511,all,4,,20251101000000,20251101000000,0,
1336,92,0,202511,all,54,,20251101000000,20251101000000,0,
1337,0,105,202511,all,69,,20251101000000,20251101000000,0,
1338,0,13,202511,all,9,,20251101000000,20251101000000,0,
1339,14,6,202511,all,10,,20251101000000,20251101000000,0,
1340,6,14,202511,all,3,,20251101000000,20251101000000,0,
1341,4,69,202511,all,1,,20251101000000,20251101000000,0,
1342,69,92,202511,all,1,,20251101000000,20251101000000,0,
1343,92,96,202511,all,2,,20251101000000,20251101000000,0,
1344,96,89,202511,all,1,,20251101000000,20251101000000,0,
1345,105,6,202511,all,41,,20251101000000,20251101000000,0,
1346,92,17,202511,all,1,,20251101000000,20251101000000,0,
1347,65,11,202511,all,6,,20251101000000,20251101000000,0,
1348,11,65,202511,all,5,,20251101000000,20251101000000,0,
1349,69,65,202511,all,1,,20251101000000,20251101000000,0,
1350,65,92,202511,all,2,,20251101000000,20251101000000,0,
1351,92,65,202511,all,1,,20251101000000,20251101000000,0,
1352,92,1,202511,all,12,,20251101000000,20251101000000,0,
1353,92,106,202511,all,1,,20251101000000,20251101000000,0,
1354,106,101,202511,all,1,,20251101000000,20251101000000,0,
1355,101,0,202511,all,1,,20251101000000,20251101000000,0,
1356,92,107,202511,all,2,,20251101000000,20251101000000,0,
1357,107,0,202511,all,3,,20251101000000,20251101000000,0,
1358,0,108,202511,all,6,,20251101000000,20251101000000,0,
1359,108,110,202511,all,2,,20251101000000,20251101000000,0,
1360,110,111,202511,all,1,,20251101000000,20251101000000,0,
1361,111,110,202511,all,1,,20251101000000,20251101000000,0,
1362,110,108,202511,all,1,,20251101000000,20251101000000,0,
1363,110,0,202511,all,1,,20251101000000,20251101000000,0,
1364,0,113,202511,all,1,,20251101000000,20251101000000,0,
1365,113,0,202511,all,2,,20251101000000,20251101000000,0,
1366,4,107,202511,all,2,,20251101000000,20251101000000,0,
1367,1,71,202511,all,1,,20251101000000,20251101000000,0,
1368,95,0,202511,all,6,,20251101000000,20251101000000,0,
1369,14,20,202511,all,2,,20251101000000,20251101000000,0,
1370,105,20,202511,all,1,,20251101000000,20251101000000,0,
1371,1,114,202511,all,1,,20251101000000,20251101000000,0,
1372,114,4,202511,all,2,,20251101000000,20251101000000,0,
1373,107,1,202511,all,1,,20251101000000,20251101000000,0,
1374,0,115,202511,all,1,,20251101000000,20251101000000,0,
1375,115,113,202511,all,1,,20251101000000,20251101000000,0,
1376,6,53,202511,all,1,,20251101000000,20251101000000,0,
1377,53,20,202511,all,1,,20251101000000,20251101000000,0,
1378,6,32,202511,all,1,,20251101000000,20251101000000,0,
1379,32,4,202511,all,1,,20251101000000,20251101000000,0,
1380,25,1,202511,all,3,,20251101000000,20251101000000,0,
1381,1,25,202511,all,7,,20251101000000,20251101000000,0,
1382,1,41,202511,all,1,,20251101000000,20251101000000,0,
1383,41,25,202511,all,3,,20251101000000,20251101000000,0,
1384,25,41,202511,all,1,,20251101000000,20251101000000,0,
1385,25,6,202511,all,2,,20251101000000,20251101000000,0,
1386,1,85,202511,all,1,,20251101000000,20251101000000,0,
1387,41,114,202511,all,1,,20251101000000,20251101000000,0,
1388,0,117,202511,all,2,,20251101000000,20251101000000,0,
1389,117,0,202511,all,2,,20251101000000,20251101000000,0,
1390,0,119,202511,all,1,,20251101000000,20251101000000,0,
1391,119,54,202511,all,1,,20251101000000,20251101000000,0,
1392,54,0,202511,all,1,,20251101000000,20251101000000,0,
1393,0,41,202511,all,1,,20251101000000,20251101000000,0,
1394,41,54,202511,all,1,,20251101000000,20251101000000,0,
1395,54,119,202511,all,1,,20251101000000,20251101000000,0,
1396,119,43,202511,all,1,,20251101000000,20251101000000,0,
1397,43,13,202511,all,1,,20251101000000,20251101000000,0,
1398,13,92,202511,all,2,,20251101000000,20251101000000,0,
1399,92,13,202511,all,3,,20251101000000,20251101000000,0,
1400,1,122,202511,all,3,,20251101000000,20251101000000,0,
1401,122,6,202511,all,1,,20251101000000,20251101000000,0,
1402,6,122,202511,all,1,,20251101000000,20251101000000,0,
1403,122,0,202511,all,4,,20251101000000,20251101000000,0,
1404,117,128,202511,all,1,,20251101000000,20251101000000,0,
1405,128,117,202511,all,1,,20251101000000,20251101000000,0,
1406,0,111,202511,all,1,,20251101000000,20251101000000,0,
1407,111,131,202511,all,1,,20251101000000,20251101000000,0,
1408,131,0,202511,all,1,,20251101000000,20251101000000,0,
1409,13,0,202511,all,9,,20251101000000,20251101000000,0,
1410,1,43,202511,all,1,,20251101000000,20251101000000,0,
1411,43,1,202511,all,1,,20251101000000,20251101000000,0,
1412,0,85,202511,all,1,,20251101000000,20251101000000,0,
1413,85,69,202511,all,1,,20251101000000,20251101000000,0,
1414,108,0,202511,all,5,,20251101000000,20251101000000,0,
1415,1,27,202511,all,7,,20251101000000,20251101000000,0,
1416,0,58,202511,all,3,,20251101000000,20251101000000,0,
1417,79,1,202511,all,1,,20251101000000,20251101000000,0,
1418,27,6,202511,all,2,,20251101000000,20251101000000,0,
1419,0,7,202511,all,1,,20251101000000,20251101000000,0,
1420,1,105,202511,all,10,,20251101000000,20251101000000,0,
1421,105,1,202511,all,8,,20251101000000,20251101000000,0,
1422,0,96,202511,all,2,,20251101000000,20251101000000,0,
1423,96,0,202511,all,2,,20251101000000,20251101000000,0,
1424,13,6,202511,all,1,,20251101000000,20251101000000,0,
1425,79,27,202511,all,1,,20251101000000,20251101000000,0,
1426,27,1,202511,all,3,,20251101000000,20251101000000,0,
1427,122,1,202511,all,2,,20251101000000,20251101000000,0,
1428,4,26,202511,all,1,,20251101000000,20251101000000,0,
1429,26,6,202511,all,2,,20251101000000,20251101000000,0,
1430,79,32,202511,all,1,,20251101000000,20251101000000,0,
1431,32,27,202511,all,1,,20251101000000,20251101000000,0,
1432,92,122,202511,all,2,,20251101000000,20251101000000,0,
1433,122,4,202511,all,1,,20251101000000,20251101000000,0,
1434,6,89,202511,all,1,,20251101000000,20251101000000,0,
1435,89,92,202511,all,1,,20251101000000,20251101000000,0,
1436,94,0,202511,all,2,,20251101000000,20251101000000,0,
1437,0,94,202511,all,1,,20251101000000,20251101000000,0,
1438,0,95,202511,all,2,,20251101000000,20251101000000,0,
1439,95,6,202511,all,3,,20251101000000,20251101000000,0,
1440,4,105,202511,all,2,,20251101000000,20251101000000,0,
1441,95,13,202511,all,2,,20251101000000,20251101000000,0,
1442,1,95,202511,all,1,,20251101000000,20251101000000,0,
1443,89,34,202511,all,1,,20251101000000,20251101000000,0,
1444,13,33,202511,all,1,,20251101000000,20251101000000,0,
1445,33,31,202511,all,1,,20251101000000,20251101000000,0,
1446,23,21,202511,all,1,,20251101000000,20251101000000,0,
1447,23,20,202511,all,1,,20251101000000,20251101000000,0,
1448,94,99,202511,all,1,,20251101000000,20251101000000,0,
1449,99,69,202511,all,3,,20251101000000,20251101000000,0,
1450,69,99,202511,all,2,,20251101000000,20251101000000,0,
1451,99,0,202511,all,10,,20251101000000,20251101000000,0,
1452,4,95,202511,all,1,,20251101000000,20251101000000,0,
1453,92,34,202511,all,1,,20251101000000,20251101000000,0,
1454,13,31,202511,all,1,,20251101000000,20251101000000,0,
1455,31,92,202511,all,1,,20251101000000,20251101000000,0,
1456,0,122,202511,all,2,,20251101000000,20251101000000,0,
1457,13,79,202511,all,6,,20251101000000,20251101000000,0,
1458,79,0,202511,all,1,,20251101000000,20251101000000,0,
1459,14,105,202511,all,1,,20251101000000,20251101000000,0,
1460,105,89,202511,all,1,,20251101000000,20251101000000,0,
1461,89,105,202511,all,1,,20251101000000,20251101000000,0,
1462,105,13,202511,all,1,,20251101000000,20251101000000,0,
1463,0,148,202511,all,7,,20251101000000,20251101000000,0,
1464,148,0,202511,all,7,,20251101000000,20251101000000,0,
1465,96,92,202511,all,2,,20251101000000,20251101000000,0,
1466,69,32,202511,all,1,,20251101000000,20251101000000,0,
1467,32,1,202511,all,1,,20251101000000,20251101000000,0,
1468,0,154,202511,all,1,,20251101000000,20251101000000,0,
1469,154,0,202511,all,1,,20251101000000,20251101000000,0,
1470,25,95,202511,all,1,,20251101000000,20251101000000,0,
1471,0,99,202511,all,9,,20251101000000,20251101000000,0,
1472,99,1,202511,all,1,,20251101000000,20251101000000,0,
1473,4,99,202511,all,4,,20251101000000,20251101000000,0,
1474,6,99,202511,all,1,,20251101000000,20251101000000,0,
1475,99,92,202511,all,1,,20251101000000,20251101000000,0,
1476,99,164,202511,all,1,,20251101000000,20251101000000,0,
1477,164,0,202511,all,1,,20251101000000,20251101000000,0,
1478,92,166,202511,all,1,,20251101000000,20251101000000,0,
1479,166,92,202511,all,1,,20251101000000,20251101000000,0,
1480,14,58,202511,all,1,,20251101000000,20251101000000,0,
1481,79,14,202511,all,1,,20251101000000,20251101000000,0,
1482,58,13,202511,all,1,,20251101000000,20251101000000,0,
1483,105,167,202511,all,1,,20251101000000,20251101000000,0,
1484,167,168,202511,all,1,,20251101000000,20251101000000,0,
1485,168,0,202511,all,2,,20251101000000,20251101000000,0,
1486,0,168,202511,all,1,,20251101000000,20251101000000,0,
1487,32,0,202511,all,1,,20251101000000,20251101000000,0,
1488,99,169,202511,all,3,,20251101000000,20251101000000,0,
1489,169,92,202511,all,2,,20251101000000,20251101000000,0,
1490,169,0,202511,all,1,,20251101000000,20251101000000,0,
1491,99,6,202511,all,1,,20251101000000,20251101000000,0,
1492,0,86,202511,all,1,,20251101000000,20251101000000,0,
1493,86,0,202511,all,1,,20251101000000,20251101000000,0,
1494,92,20,202511,all,1,,20251101000000,20251101000000,0,
1495,33,32,202511,all,1,,20251101000000,20251101000000,0,
1496,23,0,202511,all,1,,20251101000000,20251101000000,0,
1497,41,92,202511,all,1,,20251101000000,20251101000000,0,
1498,1,31,202511,all,1,,20251101000000,20251101000000,0,
1499,31,6,202511,all,1,,20251101000000,20251101000000,0,
1500,14,31,202511,all,1,,20251101000000,20251101000000,0,
1501,31,4,202511,all,3,,20251101000000,20251101000000,0,
1502,32,31,202511,all,1,,20251101000000,20251101000000,0,
1503,58,4,202511,all,1,,20251101000000,20251101000000,0,
1504,4,31,202511,all,1,,20251101000000,20251101000000,0,
1505,0,172,202512,all,10,,20251201000000,20251201000000,0,
1506,172,0,202512,all,9,,20251201000000,20251201000000,0,
1507,0,174,202512,all,4,,20251201000000,20251201000000,0,
1508,174,0,202512,all,7,,20251201000000,20251201000000,0,
1509,0,171,202512,all,309,,20251201000000,20251201000000,0,
1510,171,174,202512,all,8,,20251201000000,20251201000000,0,
1511,174,177,202512,all,1,,20251201000000,20251201000000,0,
1512,177,172,202512,all,1,,20251201000000,20251201000000,0,
1513,0,179,202512,all,37,,20251201000000,20251201000000,0,
1514,179,0,202512,all,46,,20251201000000,20251201000000,0,
1515,0,183,202512,all,190,,20251201000000,20251201000000,0,
1516,183,0,202512,all,177,,20251201000000,20251201000000,0,
1517,179,174,202512,all,7,,20251201000000,20251201000000,0,
1518,172,186,202512,all,2,,20251201000000,20251201000000,0,
1519,186,172,202512,all,1,,20251201000000,20251201000000,0,
1520,172,187,202512,all,1,,20251201000000,20251201000000,0,
1521,187,179,202512,all,1,,20251201000000,20251201000000,0,
1522,179,188,202512,all,1,,20251201000000,20251201000000,0,
1523,188,0,202512,all,8,,20251201000000,20251201000000,0,
1524,171,0,202512,all,236,,20251201000000,20251201000000,0,
1525,171,189,202512,all,3,,20251201000000,20251201000000,0,
1526,189,0,202512,all,8,,20251201000000,20251201000000,0,
1527,183,190,202512,all,1,,20251201000000,20251201000000,0,
1528,190,0,202512,all,1,,20251201000000,20251201000000,0,
1529,0,191,202512,all,42,,20251201000000,20251201000000,0,
1530,191,0,202512,all,41,,20251201000000,20251201000000,0,
1531,186,0,202512,all,3,,20251201000000,20251201000000,0,
1532,0,186,202512,all,2,,20251201000000,20251201000000,0,
1533,171,192,202512,all,9,,20251201000000,20251201000000,0,
1534,192,171,202512,all,5,,20251201000000,20251201000000,0,
1535,0,192,202512,all,77,,20251201000000,20251201000000,0,
1536,192,0,202512,all,87,,20251201000000,20251201000000,0,
1537,174,171,202512,all,4,,20251201000000,20251201000000,0,
1538,171,179,202512,all,12,,20251201000000,20251201000000,0,
1539,174,179,202512,all,6,,20251201000000,20251201000000,0,
1540,179,189,202512,all,4,,20251201000000,20251201000000,0,
1541,189,179,202512,all,3,,20251201000000,20251201000000,0,
1542,179,195,202512,all,3,,20251201000000,20251201000000,0,
1543,195,179,202512,all,5,,20251201000000,20251201000000,0,
1544,192,197,202512,all,1,,20251201000000,20251201000000,0,
1545,197,0,202512,all,1,,20251201000000,20251201000000,0,
1546,0,199,202512,all,99,,20251201000000,20251201000000,0,
1547,199,0,202512,all,109,,20251201000000,20251201000000,0,
1548,0,201,202512,all,2,,20251201000000,20251201000000,0,
1549,201,0,202512,all,3,,20251201000000,20251201000000,0,
1550,0,203,202512,all,16,,20251201000000,20251201000000,0,
1551,203,0,202512,all,18,,20251201000000,20251201000000,0,
1552,183,205,202512,all,1,,20251201000000,20251201000000,0,
1553,205,0,202512,all,1,,20251201000000,20251201000000,0,
1554,0,206,202512,all,1,,20251201000000,20251201000000,0,
1555,206,0,202512,all,1,,20251201000000,20251201000000,0,
1556,0,189,202512,all,3,,20251201000000,20251201000000,0,
1557,183,201,202512,all,1,,20251201000000,20251201000000,0,
1558,171,209,202512,all,4,,20251201000000,20251201000000,0,
1559,209,192,202512,all,33,,20251201000000,20251201000000,0,
1560,192,209,202512,all,19,,20251201000000,20251201000000,0,
1561,171,195,202512,all,4,,20251201000000,20251201000000,0,
1562,171,199,202512,all,12,,20251201000000,20251201000000,0,
1563,0,213,202512,all,2,,20251201000000,20251201000000,0,
1564,213,0,202512,all,2,,20251201000000,20251201000000,0,
1565,189,171,202512,all,3,,20251201000000,20251201000000,0,
1566,171,218,202512,all,1,,20251201000000,20251201000000,0,
1567,218,171,202512,all,1,,20251201000000,20251201000000,0,
1568,171,183,202512,all,28,,20251201000000,20251201000000,0,
1569,183,189,202512,all,1,,20251201000000,20251201000000,0,
1570,189,209,202512,all,2,,20251201000000,20251201000000,0,
1571,183,203,202512,all,10,,20251201000000,20251201000000,0,
1572,203,201,202512,all,1,,20251201000000,20251201000000,0,
1573,201,183,202512,all,2,,20251201000000,20251201000000,0,
1574,0,219,202512,all,1,,20251201000000,20251201000000,0,
1575,219,0,202512,all,1,,20251201000000,20251201000000,0,
1576,179,183,202512,all,20,,20251201000000,20251201000000,0,
1577,183,179,202512,all,8,,20251201000000,20251201000000,0,
1578,0,209,202512,all,45,,20251201000000,20251201000000,0,
1579,192,186,202512,all,1,,20251201000000,20251201000000,0,
1580,186,223,202512,all,1,,20251201000000,20251201000000,0,
1581,223,225,202512,all,1,,20251201000000,20251201000000,0,
1582,225,171,202512,all,1,,20251201000000,20251201000000,0,
1583,171,225,202512,all,1,,20251201000000,20251201000000,0,
1584,225,189,202512,all,5,,20251201000000,20251201000000,0,
1585,189,225,202512,all,4,,20251201000000,20251201000000,0,
1586,192,188,202512,all,1,,20251201000000,20251201000000,0,
1587,188,229,202512,all,1,,20251201000000,20251201000000,0,
1588,229,179,202512,all,1,,20251201000000,20251201000000,0,
1589,179,171,202512,all,10,,20251201000000,20251201000000,0,
1590,183,213,202512,all,5,,20251201000000,20251201000000,0,
1591,213,231,202512,all,2,,20251201000000,20251201000000,0,
1592,231,183,202512,all,1,,20251201000000,20251201000000,0,
1593,231,179,202512,all,1,,20251201000000,20251201000000,0,
1594,183,232,202512,all,8,,20251201000000,20251201000000,0,
1595,232,179,202512,all,22,,20251201000000,20251201000000,0,
1596,179,232,202512,all,18,,20251201000000,20251201000000,0,
1597,232,209,202512,all,3,,20251201000000,20251201000000,0,
1598,209,179,202512,all,3,,20251201000000,20251201000000,0,
1599,232,199,202512,all,6,,20251201000000,20251201000000,0,
1600,199,232,202512,all,7,,20251201000000,20251201000000,0,
1601,232,0,202512,all,94,,20251201000000,20251201000000,0,
1602,0,232,202512,all,91,,20251201000000,20251201000000,0,
1603,232,189,202512,all,10,,20251201000000,20251201000000,0,
1604,189,232,202512,all,6,,20251201000000,20251201000000,0,
1605,192,232,202512,all,3,,20251201000000,20251201000000,0,
1606,209,232,202512,all,2,,20251201000000,20251201000000,0,
1607,232,192,202512,all,1,,20251201000000,20251201000000,0,
1608,192,247,202512,all,1,,20251201000000,20251201000000,0,
1609,247,248,202512,all,3,,20251201000000,20251201000000,0,
1610,248,249,202512,all,2,,20251201000000,20251201000000,0,
1611,249,188,202512,all,1,,20251201000000,20251201000000,0,
1612,188,250,202512,all,6,,20251201000000,20251201000000,0,
1613,250,253,202512,all,3,,20251201000000,20251201000000,0,
1614,253,250,202512,all,2,,20251201000000,20251201000000,0,
1615,250,232,202512,all,1,,20251201000000,20251201000000,0,
1616,171,232,202512,all,23,,20251201000000,20251201000000,0,
1617,189,201,202512,all,1,,20251201000000,20251201000000,0,
1618,201,232,202512,all,1,,20251201000000,20251201000000,0,
1619,232,258,202512,all,1,,20251201000000,20251201000000,0,
1620,258,209,202512,all,1,,20251201000000,20251201000000,0,
1621,209,199,202512,all,1,,20251201000000,20251201000000,0,
1622,232,203,202512,all,1,,20251201000000,20251201000000,0,
1623,203,232,202512,all,2,,20251201000000,20251201000000,0,
1624,183,261,202512,all,1,,20251201000000,20251201000000,0,
1625,261,248,202512,all,1,,20251201000000,20251201000000,0,
1626,248,247,202512,all,1,,20251201000000,20251201000000,0,
1627,247,209,202512,all,2,,20251201000000,20251201000000,0,
1628,209,258,202512,all,1,,20251201000000,20251201000000,0,
1629,258,247,202512,all,1,,20251201000000,20251201000000,0,
1630,247,189,202512,all,1,,20251201000000,20251201000000,0,
1631,232,183,202512,all,2,,20251201000000,20251201000000,0,
1632,183,209,202512,all,6,,20251201000000,20251201000000,0,
1633,213,183,202512,all,2,,20251201000000,20251201000000,0,
1634,183,171,202512,all,11,,20251201000000,20251201000000,0,
1635,0,265,202512,all,11,,20251201000000,20251201000000,0,
1636,265,179,202512,all,11,,20251201000000,20251201000000,0,
1637,179,265,202512,all,5,,20251201000000,20251201000000,0,
1638,265,0,202512,all,33,,20251201000000,20251201000000,0,
1639,213,232,202512,all,1,,20251201000000,20251201000000,0,
1640,232,201,202512,all,1,,20251201000000,20251201000000,0,
1641,201,265,202512,all,1,,20251201000000,20251201000000,0,
1642,199,266,202512,all,5,,20251201000000,20251201000000,0,
1643,266,267,202512,all,1,,20251201000000,20251201000000,0,
1644,267,266,202512,all,1,,20251201000000,20251201000000,0,
1645,266,0,202512,all,3,,20251201000000,20251201000000,0,
1646,266,199,202512,all,4,,20251201000000,20251201000000,0,
1647,232,269,202512,all,3,,20251201000000,20251201000000,0,
1648,269,232,202512,all,3,,20251201000000,20251201000000,0,
1649,232,171,202512,all,12,,20251201000000,20251201000000,0,
1650,171,269,202512,all,1,,20251201000000,20251201000000,0,
1651,269,271,202512,all,1,,20251201000000,20251201000000,0,
1652,271,232,202512,all,2,,20251201000000,20251201000000,0,
1653,179,276,202512,all,1,,20251201000000,20251201000000,0,
1654,276,232,202512,all,1,,20251201000000,20251201000000,0,
1655,232,271,202512,all,1,,20251201000000,20251201000000,0,
1656,232,265,202512,all,15,,20251201000000,20251201000000,0,
1657,265,232,202512,all,9,,20251201000000,20251201000000,0,
1658,232,278,202512,all,3,,20251201000000,20251201000000,0,
1659,278,265,202512,all,2,,20251201000000,20251201000000,0,
1660,265,278,202512,all,1,,20251201000000,20251201000000,0,
1661,179,201,202512,all,1,,20251201000000,20251201000000,0,
1662,0,266,202512,all,2,,20251201000000,20251201000000,0,
1663,232,266,202512,all,2,,20251201000000,20251201000000,0,
1664,266,283,202512,all,1,,20251201000000,20251201000000,0,
1665,283,199,202512,all,1,,20251201000000,20251201000000,0,
1666,266,232,202512,all,2,,20251201000000,20251201000000,0,
1667,183,186,202512,all,2,,20251201000000,20251201000000,0,
1668,0,285,202512,all,1,,20251201000000,20251201000000,0,
1669,285,0,202512,all,1,,20251201000000,20251201000000,0,
1670,0,286,202512,all,3,,20251201000000,20251201000000,0,
1671,286,0,202512,all,3,,20251201000000,20251201000000,0,
1672,232,188,202512,all,2,,20251201000000,20251201000000,0,
1673,188,195,202512,all,1,,20251201000000,20251201000000,0,
1674,195,266,202512,all,1,,20251201000000,20251201000000,0,
1675,199,171,202512,all,9,,20251201000000,20251201000000,0,
1676,265,199,202512,all,5,,20251201000000,20251201000000,0,
1677,278,232,202512,all,1,,20251201000000,20251201000000,0,
1678,174,287,202512,all,3,,20251201000000,20251201000000,0,
1679,287,174,202512,all,2,,20251201000000,20251201000000,0,
1680,0,195,202512,all,14,,20251201000000,20251201000000,0,
1681,195,0,202512,all,15,,20251201000000,20251201000000,0,
1682,171,265,202512,all,48,,20251201000000,20251201000000,0,
1683,265,288,202512,all,9,,20251201000000,20251201000000,0,
1684,288,265,202512,all,8,,20251201000000,20251201000000,0,
1685,265,171,202512,all,34,,20251201000000,20251201000000,0,
1686,0,289,202512,all,5,,20251201000000,20251201000000,0,
1687,289,0,202512,all,6,,20251201000000,20251201000000,0,
1688,179,192,202512,all,1,,20251201000000,20251201000000,0,
1689,209,0,202512,all,44,,20251201000000,20251201000000,0,
1690,0,291,202512,all,1,,20251201000000,20251201000000,0,
1691,291,293,202512,all,1,,20251201000000,20251201000000,0,
1692,293,291,202512,all,1,,20251201000000,20251201000000,0,
1693,291,0,202512,all,1,,20251201000000,20251201000000,0,
1694,265,295,202512,all,1,,20251201000000,20251201000000,0,
1695,295,265,202512,all,1,,20251201000000,20251201000000,0,
1696,183,297,202512,all,4,,20251201000000,20251201000000,0,
1697,297,203,202512,all,1,,20251201000000,20251201000000,0,
1698,203,297,202512,all,1,,20251201000000,20251201000000,0,
1699,297,0,202512,all,3,,20251201000000,20251201000000,0,
1700,0,297,202512,all,2,,20251201000000,20251201000000,0,
1701,297,232,202512,all,1,,20251201000000,20251201000000,0,
1702,0,298,202512,all,3,,20251201000000,20251201000000,0,
1703,298,300,202512,all,1,,20251201000000,20251201000000,0,
1704,300,0,202512,all,8,,20251201000000,20251201000000,0,
1705,0,301,202512,all,2,,20251201000000,20251201000000,0,
1706,301,0,202512,all,2,,20251201000000,20251201000000,0,
1707,0,302,202512,all,2,,20251201000000,20251201000000,0,
1708,302,0,202512,all,2,,20251201000000,20251201000000,0,
1709,302,301,202512,all,3,,20251201000000,20251201000000,0,
1710,301,302,202512,all,3,,20251201000000,20251201000000,0,
1711,0,290,202512,all,17,,20251201000000,20251201000000,0,
1712,290,0,202512,all,17,,20251201000000,20251201000000,0,
1713,0,303,202512,all,1,,20251201000000,20251201000000,0,
1714,303,0,202512,all,1,,20251201000000,20251201000000,0,
1715,188,265,202512,all,2,,20251201000000,20251201000000,0,
1716,232,307,202512,all,1,,20251201000000,20251201000000,0,
1717,307,247,202512,all,1,,20251201000000,20251201000000,0,
1718,249,250,202512,all,1,,20251201000000,20251201000000,0,
1719,253,265,202512,all,2,,20251201000000,20251201000000,0,
1720,195,265,202512,all,1,,20251201000000,20251201000000,0,
1721,195,171,202512,all,1,,20251201000000,20251201000000,0,
1722,171,310,202512,all,1,,20251201000000,20251201000000,0,
1723,310,171,202512,all,1,,20251201000000,20251201000000,0,
1724,171,300,202512,all,2,,20251201000000,20251201000000,0,
1725,300,265,202512,all,1,,20251201000000,20251201000000,0,
1726,0,188,202512,all,8,,20251201000000,20251201000000,0,
1727,188,209,202512,all,1,,20251201000000,20251201000000,0,
1728,171,188,202512,all,4,,20251201000000,20251201000000,0,
1729,199,311,202512,all,1,,20251201000000,20251201000000,0,
1730,311,199,202512,all,2,,20251201000000,20251201000000,0,
1731,199,267,202512,all,2,,20251201000000,20251201000000,0,
1732,267,314,202512,all,1,,20251201000000,20251201000000,0,
1733,314,199,202512,all,1,,20251201000000,20251201000000,0,
1734,199,315,202512,all,1,,20251201000000,20251201000000,0,
1735,315,199,202512,all,1,,20251201000000,20251201000000,0,
1736,267,199,202512,all,1,,20251201000000,20251201000000,0,
1737,199,179,202512,all,4,,20251201000000,20251201000000,0,
1738,0,300,202512,all,6,,20251201000000,20251201000000,0,
1739,0,316,202512,all,2,,20251201000000,20251201000000,0,
1740,316,0,202512,all,2,,20251201000000,20251201000000,0,
1741,232,311,202512,all,1,,20251201000000,20251201000000,0,
1742,199,317,202512,all,1,,20251201000000,20251201000000,0,
1743,317,199,202512,all,1,,20251201000000,20251201000000,0,
1744,287,188,202512,all,1,,20251201000000,20251201000000,0,
1745,188,253,202512,all,4,,20251201000000,20251201000000,0,
1746,253,319,202512,all,1,,20251201000000,20251201000000,0,
1747,319,250,202512,all,1,,20251201000000,20251201000000,0,
1748,250,171,202512,all,4,,20251201000000,20251201000000,0,
1749,174,232,202512,all,1,,20251201000000,20251201000000,0,
1750,179,199,202512,all,5,,20251201000000,20251201000000,0,
1751,300,188,202512,all,1,,20251201000000,20251201000000,0,
1752,188,300,202512,all,1,,20251201000000,20251201000000,0,
1753,199,322,202512,all,1,,20251201000000,20251201000000,0,
1754,322,199,202512,all,1,,20251201000000,20251201000000,0,
1755,199,323,202512,all,1,,20251201000000,20251201000000,0,
1756,323,199,202512,all,1,,20251201000000,20251201000000,0,
1757,199,265,202512,all,1,,20251201000000,20251201000000,0,
1758,183,307,202512,all,1,,20251201000000,20251201000000,0,
1759,307,209,202512,all,2,,20251201000000,20251201000000,0,
1760,209,188,202512,all,1,,20251201000000,20251201000000,0,
1761,253,179,202512,all,2,,20251201000000,20251201000000,0,
1762,0,249,202512,all,4,,20251201000000,20251201000000,0,
1763,249,0,202512,all,4,,20251201000000,20251201000000,0,
1764,278,179,202512,all,1,,20251201000000,20251201000000,0,
1765,199,326,202512,all,1,,20251201000000,20251201000000,0,
1766,326,327,202512,all,1,,20251201000000,20251201000000,0,
1767,327,199,202512,all,1,,20251201000000,20251201000000,0,
1768,199,328,202512,all,2,,20251201000000,20251201000000,0,
1769,328,329,202512,all,1,,20251201000000,20251201000000,0,
1770,329,199,202512,all,1,,20251201000000,20251201000000,0,
1771,328,199,202512,all,1,,20251201000000,20251201000000,0,
1772,0,330,202512,all,1,,20251201000000,20251201000000,0,
1773,330,0,202512,all,1,,20251201000000,20251201000000,0,
1774,183,331,202512,all,1,,20251201000000,20251201000000,0,
1775,331,183,202512,all,1,,20251201000000,20251201000000,0,
1776,183,332,202512,all,2,,20251201000000,20251201000000,0,
1777,332,179,202512,all,1,,20251201000000,20251201000000,0,
1778,183,265,202512,all,4,,20251201000000,20251201000000,0,
1779,265,333,202512,all,4,,20251201000000,20251201000000,0,
1780,333,265,202512,all,4,,20251201000000,20251201000000,0,
1781,333,171,202512,all,3,,20251201000000,20251201000000,0,
1782,171,333,202512,all,5,,20251201000000,20251201000000,0,
1783,0,333,202512,all,23,,20251201000000,20251201000000,0,
1784,333,0,202512,all,25,,20251201000000,20251201000000,0,
1785,265,183,202512,all,3,,20251201000000,20251201000000,0,
1786,171,186,202512,all,1,,20251201000000,20251201000000,0,
1787,186,334,202512,all,4,,20251201000000,20251201000000,0,
1788,334,225,202512,all,1,,20251201000000,20251201000000,0,
1789,225,209,202512,all,8,,20251201000000,20251201000000,0,
1790,209,225,202512,all,8,,20251201000000,20251201000000,0,
1791,192,225,202512,all,1,,20251201000000,20251201000000,0,
1792,225,192,202512,all,1,,20251201000000,20251201000000,0,
1793,225,199,202512,all,1,,20251201000000,20251201000000,0,
1794,209,183,202512,all,2,,20251201000000,20251201000000,0,
1795,183,247,202512,all,1,,20251201000000,20251201000000,0,
1796,247,265,202512,all,1,,20251201000000,20251201000000,0,
1797,183,253,202512,all,2,,20251201000000,20251201000000,0,
1798,253,183,202512,all,2,,20251201000000,20251201000000,0,
1799,183,337,202512,all,1,,20251201000000,20251201000000,0,
1800,337,248,202512,all,1,,20251201000000,20251201000000,0,
1801,248,183,202512,all,1,,20251201000000,20251201000000,0,
1802,232,333,202512,all,1,,20251201000000,20251201000000,0,
1803,333,179,202512,all,3,,20251201000000,20251201000000,0,
1804,199,338,202512,all,1,,20251201000000,20251201000000,0,
1805,338,199,202512,all,1,,20251201000000,20251201000000,0,
1806,183,248,202512,all,2,,20251201000000,20251201000000,0,
1807,248,179,202512,all,1,,20251201000000,20251201000000,0,
1808,179,333,202512,all,1,,20251201000000,20251201000000,0,
1809,0,331,202512,all,1,,20251201000000,20251201000000,0,
1810,331,0,202512,all,1,,20251201000000,20251201000000,0,
1811,0,342,202512,all,11,,20251201000000,20251201000000,0,
1812,342,0,202512,all,10,,20251201000000,20251201000000,0,
1813,298,0,202512,all,1,,20251201000000,20251201000000,0,
1814,0,345,202512,all,1,,20251201000000,20251201000000,0,
1815,345,0,202512,all,1,,20251201000000,20251201000000,0,
1816,0,287,202512,all,10,,20251201000000,20251201000000,0,
1817,287,0,202512,all,11,,20251201000000,20251201000000,0,
1818,179,298,202512,all,3,,20251201000000,20251201000000,0,
1819,298,179,202512,all,2,,20251201000000,20251201000000,0,
1820,298,209,202512,all,5,,20251201000000,20251201000000,0,
1821,209,298,202512,all,4,,20251201000000,20251201000000,0,
1822,298,195,202512,all,2,,20251201000000,20251201000000,0,
1823,195,209,202512,all,3,,20251201000000,20251201000000,0,
1824,209,195,202512,all,2,,20251201000000,20251201000000,0,
1825,209,248,202512,all,2,,20251201000000,20251201000000,0,
1826,248,195,202512,all,4,,20251201000000,20251201000000,0,
1827,195,248,202512,all,3,,20251201000000,20251201000000,0,
1828,248,298,202512,all,2,,20251201000000,20251201000000,0,
1829,179,248,202512,all,4,,20251201000000,20251201000000,0,
1830,195,347,202512,all,2,,20251201000000,20251201000000,0,
1831,347,248,202512,all,6,,20251201000000,20251201000000,0,
1832,248,347,202512,all,4,,20251201000000,20251201000000,0,
1833,347,195,202512,all,2,,20251201000000,20251201000000,0,
1834,195,186,202512,all,1,,20251201000000,20251201000000,0,
1835,186,248,202512,all,4,,20251201000000,20251201000000,0,
1836,248,186,202512,all,4,,20251201000000,20251201000000,0,
1837,186,347,202512,all,9,,20251201000000,20251201000000,0,
1838,248,209,202512,all,1,,20251201000000,20251201000000,0,
1839,209,307,202512,all,1,,20251201000000,20251201000000,0,
1840,307,186,202512,all,2,,20251201000000,20251201000000,0,
1841,186,307,202512,all,4,,20251201000000,20251201000000,0,
1842,307,298,202512,all,1,,20251201000000,20251201000000,0,
1843,298,347,202512,all,1,,20251201000000,20251201000000,0,
1844,347,186,202512,all,11,,20251201000000,20251201000000,0,
1845,248,307,202512,all,3,,20251201000000,20251201000000,0,
1846,307,248,202512,all,2,,20251201000000,20251201000000,0,
1847,307,347,202512,all,4,,20251201000000,20251201000000,0,
1848,209,186,202512,all,1,,20251201000000,20251201000000,0,
1849,186,250,202512,all,1,,20251201000000,20251201000000,0,
1850,250,195,202512,all,1,,20251201000000,20251201000000,0,
1851,195,250,202512,all,1,,20251201000000,20251201000000,0,
1852,250,186,202512,all,3,,20251201000000,20251201000000,0,
1853,186,209,202512,all,1,,20251201000000,20251201000000,0,
1854,347,307,202512,all,2,,20251201000000,20251201000000,0,
1855,307,250,202512,all,1,,20251201000000,20251201000000,0,
1856,250,330,202512,all,1,,20251201000000,20251201000000,0,
1857,330,349,202512,all,1,,20251201000000,20251201000000,0,
1858,349,330,202512,all,5,,20251201000000,20251201000000,0,
1859,330,250,202512,all,6,,20251201000000,20251201000000,0,
1860,250,349,202512,all,1,,20251201000000,20251201000000,0,
1861,349,300,202512,all,3,,20251201000000,20251201000000,0,
1862,300,330,202512,all,1,,20251201000000,20251201000000,0,
1863,250,300,202512,all,4,,20251201000000,20251201000000,0,
1864,300,349,202512,all,6,,20251201000000,20251201000000,0,
1865,349,186,202512,all,1,,20251201000000,20251201000000,0,
1866,186,330,202512,all,1,,20251201000000,20251201000000,0,
1867,300,347,202512,all,1,,20251201000000,20251201000000,0,
1868,248,349,202512,all,1,,20251201000000,20251201000000,0,
1869,330,300,202512,all,1,,20251201000000,20251201000000,0,
1870,250,307,202512,all,1,,20251201000000,20251201000000,0,
1871,186,350,202512,all,1,,20251201000000,20251201000000,0,
1872,350,351,202512,all,8,,20251201000000,20251201000000,0,
1873,351,350,202512,all,7,,20251201000000,20251201000000,0,
1874,351,300,202512,all,1,,20251201000000,20251201000000,0,
1875,300,351,202512,all,2,,20251201000000,20251201000000,0,
1876,350,300,202512,all,1,,20251201000000,20251201000000,0,
1877,300,350,202512,all,1,,20251201000000,20251201000000,0,
1878,351,319,202512,all,2,,20251201000000,20251201000000,0,
1879,319,352,202512,all,9,,20251201000000,20251201000000,0,
1880,352,319,202512,all,6,,20251201000000,20251201000000,0,
1881,352,300,202512,all,2,,20251201000000,20251201000000,0,
1882,352,353,202512,all,2,,20251201000000,20251201000000,0,
1883,353,319,202512,all,2,,20251201000000,20251201000000,0,
1884,300,353,202512,all,1,,20251201000000,20251201000000,0,
1885,353,354,202512,all,2,,20251201000000,20251201000000,0,
1886,354,352,202512,all,2,,20251201000000,20251201000000,0,
1887,319,353,202512,all,1,,20251201000000,20251201000000,0,
1888,354,186,202512,all,4,,20251201000000,20251201000000,0,
1889,186,354,202512,all,4,,20251201000000,20251201000000,0,
1890,354,353,202512,all,1,,20251201000000,20251201000000,0,
1891,353,186,202512,all,1,,20251201000000,20251201000000,0,
1892,186,352,202512,all,3,,20251201000000,20251201000000,0,
1893,352,355,202512,all,6,,20251201000000,20251201000000,0,
1894,355,352,202512,all,2,,20251201000000,20251201000000,0,
1895,355,356,202512,all,7,,20251201000000,20251201000000,0,
1896,356,352,202512,all,1,,20251201000000,20251201000000,0,
1897,352,356,202512,all,2,,20251201000000,20251201000000,0,
1898,356,357,202512,all,6,,20251201000000,20251201000000,0,
1899,357,355,202512,all,3,,20251201000000,20251201000000,0,
1900,357,354,202512,all,1,,20251201000000,20251201000000,0,
1901,356,186,202512,all,1,,20251201000000,20251201000000,0,
1902,186,357,202512,all,1,,20251201000000,20251201000000,0,
1903,357,352,202512,all,4,,20251201000000,20251201000000,0,
1904,352,358,202512,all,1,,20251201000000,20251201000000,0,
1905,358,355,202512,all,2,,20251201000000,20251201000000,0,
1906,357,358,202512,all,6,,20251201000000,20251201000000,0,
1907,358,357,202512,all,5,,20251201000000,20251201000000,0,
1908,352,357,202512,all,2,,20251201000000,20251201000000,0,
1909,356,358,202512,all,3,,20251201000000,20251201000000,0,
1910,357,356,202512,all,1,,20251201000000,20251201000000,0,
1911,358,354,202512,all,1,,20251201000000,20251201000000,0,
1912,354,357,202512,all,1,,20251201000000,20251201000000,0,
1913,355,186,202512,all,1,,20251201000000,20251201000000,0,
1914,358,359,202512,all,2,,20251201000000,20251201000000,0,
1915,359,354,202512,all,1,,20251201000000,20251201000000,0,
1916,354,359,202512,all,1,,20251201000000,20251201000000,0,
1917,359,358,202512,all,1,,20251201000000,20251201000000,0,
1918,359,356,202512,all,2,,20251201000000,20251201000000,0,
1919,358,186,202512,all,1,,20251201000000,20251201000000,0,
1920,355,359,202512,all,1,,20251201000000,20251201000000,0,
1921,356,359,202512,all,1,,20251201000000,20251201000000,0,
1922,359,357,202512,all,1,,20251201000000,20251201000000,0,
1923,357,359,202512,all,1,,20251201000000,20251201000000,0,
1924,359,289,202512,all,1,,20251201000000,20251201000000,0,
1925,289,360,202512,all,5,,20251201000000,20251201000000,0,
1926,360,289,202512,all,4,,20251201000000,20251201000000,0,
1927,360,0,202512,all,1,,20251201000000,20251201000000,0,
1928,265,359,202512,all,1,,20251201000000,20251201000000,0,
1929,359,171,202512,all,1,,20251201000000,20251201000000,0,
1930,0,267,202512,all,8,,20251201000000,20251201000000,0,
1931,267,0,202512,all,8,,20251201000000,20251201000000,0,
1932,0,361,202512,all,1,,20251201000000,20251201000000,0,
1933,361,297,202512,all,1,,20251201000000,20251201000000,0,
1934,297,361,202512,all,1,,20251201000000,20251201000000,0,
1935,361,0,202512,all,1,,20251201000000,20251201000000,0,
1936,0,362,202512,all,1,,20251201000000,20251201000000,0,
1937,362,300,202512,all,1,,20251201000000,20251201000000,0,
1938,0,253,202512,all,4,,20251201000000,20251201000000,0,
1939,253,0,202512,all,5,,20251201000000,20251201000000,0,
1940,0,307,202512,all,5,,20251201000000,20251201000000,0,
1941,307,0,202512,all,5,,20251201000000,20251201000000,0,
1942,179,247,202512,all,1,,20251201000000,20251201000000,0,
1943,247,0,202512,all,2,,20251201000000,20251201000000,0,
1944,0,247,202512,all,2,,20251201000000,20251201000000,0,
1945,248,0,202512,all,3,,20251201000000,20251201000000,0,
1946,188,248,202512,all,1,,20251201000000,20251201000000,0,
1947,192,174,202512,all,4,,20251201000000,20251201000000,0,
1948,174,192,202512,all,3,,20251201000000,20251201000000,0,
1949,0,363,202512,all,1,,20251201000000,20251201000000,0,
1950,363,0,202512,all,1,,20251201000000,20251201000000,0,
1951,171,358,202512,all,1,,20251201000000,20251201000000,0,
1952,358,0,202512,all,1,,20251201000000,20251201000000,0,
1953,179,209,202512,all,2,,20251201000000,20251201000000,0,
1954,0,349,202512,all,2,,20251201000000,20251201000000,0,
1955,349,0,202512,all,2,,20251201000000,20251201000000,0,
1956,171,353,202512,all,1,,20251201000000,20251201000000,0,
1957,353,0,202512,all,3,,20251201000000,20251201000000,0,
1958,0,352,202512,all,3,,20251201000000,20251201000000,0,
1959,352,0,202512,all,2,,20251201000000,20251201000000,0,
1960,352,333,202512,all,1,,20251201000000,20251201000000,0,
1961,0,353,202512,all,2,,20251201000000,20251201000000,0,
1962,0,250,202512,all,5,,20251201000000,20251201000000,0,
1963,250,0,202512,all,7,,20251201000000,20251201000000,0,
1964,171,364,202512,all,2,,20251201000000,20251201000000,0,
1965,364,289,202512,all,1,,20251201000000,20251201000000,0,
1966,289,287,202512,all,1,,20251201000000,20251201000000,0,
1967,287,364,202512,all,1,,20251201000000,20251201000000,0,
1968,364,0,202512,all,4,,20251201000000,20251201000000,0,
1969,0,364,202512,all,2,,20251201000000,20251201000000,0,
1970,171,367,202512,all,6,,20251201000000,20251201000000,0,
1971,367,289,202512,all,1,,20251201000000,20251201000000,0,
1972,0,368,202512,all,13,,20251201000000,20251201000000,0,
1973,368,0,202512,all,12,,20251201000000,20251201000000,0,
1974,368,209,202512,all,1,,20251201000000,20251201000000,0,
1975,192,368,202512,all,1,,20251201000000,20251201000000,0,
1976,368,364,202512,all,1,,20251201000000,20251201000000,0,
1977,364,179,202512,all,1,,20251201000000,20251201000000,0,
1978,171,203,202512,all,2,,20251201000000,20251201000000,0,
1979,203,171,202512,all,3,,20251201000000,20251201000000,0,
1980,364,333,202512,all,2,,20251201000000,20251201000000,0,
1981,333,364,202512,all,2,,20251201000000,20251201000000,0,
1982,171,373,202512,all,1,,20251201000000,20251201000000,0,
1983,373,0,202512,all,2,,20251201000000,20251201000000,0,
1984,191,171,202512,all,1,,20251201000000,20251201000000,0,
1985,183,191,202512,all,1,,20251201000000,20251201000000,0,
1986,191,183,202512,all,1,,20251201000000,20251201000000,0,
1987,171,375,202512,all,1,,20251201000000,20251201000000,0,
1988,375,376,202512,all,1,,20251201000000,20251201000000,0,
1989,376,179,202512,all,1,,20251201000000,20251201000000,0,
1990,334,253,202512,all,2,,20251201000000,20251201000000,0,
1991,171,250,202512,all,1,,20251201000000,20251201000000,0,
1992,250,265,202512,all,1,,20251201000000,20251201000000,0,
1993,367,171,202512,all,4,,20251201000000,20251201000000,0,
1994,367,378,202512,all,1,,20251201000000,20251201000000,0,
1995,378,367,202512,all,1,,20251201000000,20251201000000,0,
1996,367,179,202512,all,1,,20251201000000,20251201000000,0,
1997,0,367,202512,all,2,,20251201000000,20251201000000,0,
1998,367,265,202512,all,1,,20251201000000,20251201000000,0,
1999,248,171,202512,all,1,,20251201000000,20251201000000,0,
2000,334,188,202512,all,1,,20251201000000,20251201000000,0,
2001,288,253,202512,all,1,,20251201000000,20251201000000,0,
2002,253,188,202512,all,3,,20251201000000,20251201000000,0,
2003,0,385,202512,all,1,,20251201000000,20251201000000,0,
2004,385,0,202512,all,1,,20251201000000,20251201000000,0,
2005,183,342,202512,all,4,,20251201000000,20251201000000,0,
2006,342,265,202512,all,1,,20251201000000,20251201000000,0,
2007,0,354,202512,all,1,,20251201000000,20251201000000,0,
2008,354,0,202512,all,1,,20251201000000,20251201000000,0,
2009,342,183,202512,all,3,,20251201000000,20251201000000,0,
2010,203,342,202512,all,1,,20251201000000,20251201000000,0,
2011,342,179,202512,all,2,,20251201000000,20251201000000,0,
2012,203,265,202512,all,1,,20251201000000,20251201000000,0,
2013,188,249,202512,all,1,,20251201000000,20251201000000,0,
2014,249,265,202512,all,1,,20251201000000,20251201000000,0,
2015,265,188,202512,all,1,,20251201000000,20251201000000,0,
2016,186,183,202512,all,1,,20251201000000,20251201000000,0,
2017,367,0,202512,all,1,,20251201000000,20251201000000,0,
2018,253,373,202512,all,1,,20251201000000,20251201000000,0,
2019,373,253,202512,all,1,,20251201000000,20251201000000,0,
2020,171,287,202512,all,1,,20251201000000,20251201000000,0,
2021,0,394,202512,all,1,,20251201000000,20251201000000,0,
2022,394,0,202512,all,1,,20251201000000,20251201000000,0,
2023,297,250,202512,all,1,,20251201000000,20251201000000,0,
2024,0,396,202512,all,1,,20251201000000,20251201000000,0,
2025,396,0,202512,all,1,,20251201000000,20251201000000,0,
2026,248,265,202512,all,1,,20251201000000,20251201000000,0,
2027,265,247,202512,all,1,,20251201000000,20251201000000,0,
2028,209,253,202512,all,1,,20251201000000,20251201000000,0,
2029,171,398,202512,all,1,,20251201000000,20251201000000,0,
2030,398,0,202512,all,1,,20251201000000,20251201000000,0,
2031,232,399,202512,all,1,,20251201000000,20251201000000,0,
2032,399,373,202512,all,1,,20251201000000,20251201000000,0,
2033,373,248,202512,all,1,,20251201000000,20251201000000,0,
2034,248,399,202512,all,1,,20251201000000,20251201000000,0,
2035,399,250,202512,all,1,,20251201000000,20251201000000,0,
2036,250,209,202512,all,1,,20251201000000,20251201000000,0,
2037,209,399,202512,all,1,,20251201000000,20251201000000,0,
2038,399,203,202512,all,1,,20251201000000,20251201000000,0,
2039,203,183,202512,all,2,,20251201000000,20251201000000,0,
2040,183,399,202512,all,2,,20251201000000,20251201000000,0,
2041,399,400,202512,all,1,,20251201000000,20251201000000,0,
2042,400,203,202512,all,1,,20251201000000,20251201000000,0,
2043,203,400,202512,all,1,,20251201000000,20251201000000,0,
2044,400,354,202512,all,1,,20251201000000,20251201000000,0,
2045,354,183,202512,all,1,,20251201000000,20251201000000,0,
2046,183,401,202512,all,8,,20251201000000,20251201000000,0,
2047,401,250,202512,all,2,,20251201000000,20251201000000,0,
2048,250,401,202512,all,2,,20251201000000,20251201000000,0,
2049,401,188,202512,all,1,,20251201000000,20251201000000,0,
2050,253,401,202512,all,1,,20251201000000,20251201000000,0,
2051,401,342,202512,all,1,,20251201000000,20251201000000,0,
2052,342,401,202512,all,1,,20251201000000,20251201000000,0,
2053,401,171,202512,all,2,,20251201000000,20251201000000,0,
2054,171,401,202512,all,1,,20251201000000,20251201000000,0,
2055,401,0,202512,all,5,,20251201000000,20251201000000,0,
2056,399,183,202512,all,1,,20251201000000,20251201000000,0,
2057,171,402,202512,all,1,,20251201000000,20251201000000,0,
2058,402,179,202512,all,1,,20251201000000,20251201000000,0,
2059,203,401,202512,all,2,,20251201000000,20251201000000,0,
2060,401,179,202512,all,2,,20251201000000,20251201000000,0,
2061,401,332,202512,all,1,,20251201000000,20251201000000,0,
2062,332,401,202512,all,2,,20251201000000,20251201000000,0,
2063,192,179,202512,all,1,,20251201000000,20251201000000,0,
2064,297,403,202512,all,1,,20251201000000,20251201000000,0,
2065,403,401,202512,all,2,,20251201000000,20251201000000,0,
2066,0,401,202512,all,1,,20251201000000,20251201000000,0,
2067,401,203,202512,all,1,,20251201000000,20251201000000,0,
2068,332,354,202512,all,1,,20251201000000,20251201000000,0,
2069,354,403,202512,all,1,,20251201000000,20251201000000,0,
2070,401,183,202512,all,5,,20251201000000,20251201000000,0,
2071,203,250,202512,all,1,,20251201000000,20251201000000,0,
2072,297,332,202512,all,1,,20251201000000,20251201000000,0,
2073,401,297,202512,all,1,,20251201000000,20251201000000,0,
2074,297,171,202512,all,1,,20251201000000,20251201000000,0,
2075,183,405,202512,all,2,,20251201000000,20251201000000,0,
2076,405,401,202512,all,1,,20251201000000,20251201000000,0,
2077,405,171,202512,all,1,,20251201000000,20251201000000,0,
2078,171,406,202512,all,1,,20251201000000,20251201000000,0,
2079,406,171,202512,all,1,,20251201000000,20251201000000,0,
2080,183,373,202512,all,2,,20251201000000,20251201000000,0,
2081,298,297,202512,all,1,,20251201000000,20251201000000,0,
2082,373,183,202512,all,1,,20251201000000,20251201000000,0,
2083,300,253,202512,all,1,,20251201000000,20251201000000,0,
2084,0,408,202512,all,5,,20251201000000,20251201000000,0,
2085,408,0,202512,all,5,,20251201000000,20251201000000,0,
2086,0,409,202601,all,147,,20260101000000,20260101000000,0,
2087,409,0,202601,all,128,,20260101000000,20260101000000,0,
2088,409,410,202601,all,21,,20260101000000,20260101000000,0,
2089,410,411,202601,all,28,,20260101000000,20260101000000,0,
2090,411,0,202601,all,21,,20260101000000,20260101000000,0,
2091,0,414,202601,all,4,,20260101000000,20260101000000,0,
2092,414,0,202601,all,3,,20260101000000,20260101000000,0,
2093,0,415,202601,all,3,,20260101000000,20260101000000,0,
2094,415,0,202601,all,3,,20260101000000,20260101000000,0,
2095,0,413,202601,all,91,,20260101000000,20260101000000,0,
2096,413,0,202601,all,81,,20260101000000,20260101000000,0,
2097,0,416,202601,all,4,,20260101000000,20260101000000,0,
2098,416,0,202601,all,6,,20260101000000,20260101000000,0,
2099,0,411,202601,all,12,,20260101000000,20260101000000,0,
2100,0,418,202601,all,1,,20260101000000,20260101000000,0,
2101,418,0,202601,all,1,,20260101000000,20260101000000,0,
2102,409,413,202601,all,5,,20260101000000,20260101000000,0,
2103,413,419,202601,all,1,,20260101000000,20260101000000,0,
2104,419,0,202601,all,6,,20260101000000,20260101000000,0,
2105,0,421,202601,all,3,,20260101000000,20260101000000,0,
2106,421,416,202601,all,4,,20260101000000,20260101000000,0,
2107,421,0,202601,all,1,,20260101000000,20260101000000,0,
2108,416,421,202601,all,2,,20260101000000,20260101000000,0,
2109,0,422,202601,all,23,,20260101000000,20260101000000,0,
2110,422,0,202601,all,23,,20260101000000,20260101000000,0,
2111,0,424,202601,all,4,,20260101000000,20260101000000,0,
2112,424,0,202601,all,3,,20260101000000,20260101000000,0,
2113,413,425,202601,all,1,,20260101000000,20260101000000,0,
2114,425,0,202601,all,1,,20260101000000,20260101000000,0,
2115,0,419,202601,all,4,,20260101000000,20260101000000,0,
2116,419,426,202601,all,1,,20260101000000,20260101000000,0,
2117,426,427,202601,all,1,,20260101000000,20260101000000,0,
2118,427,426,202601,all,1,,20260101000000,20260101000000,0,
2119,426,0,202601,all,3,,20260101000000,20260101000000,0,
2120,411,410,202601,all,14,,20260101000000,20260101000000,0,
2121,410,0,202601,all,17,,20260101000000,20260101000000,0,
2122,413,426,202601,all,2,,20260101000000,20260101000000,0,
2123,426,429,202601,all,1,,20260101000000,20260101000000,0,
2124,429,431,202601,all,1,,20260101000000,20260101000000,0,
2125,431,0,202601,all,1,,20260101000000,20260101000000,0,
2126,409,424,202601,all,1,,20260101000000,20260101000000,0,
2127,413,432,202601,all,1,,20260101000000,20260101000000,0,
2128,432,409,202601,all,1,,20260101000000,20260101000000,0,
2129,0,433,202601,all,3,,20260101000000,20260101000000,0,
2130,433,0,202601,all,2,,20260101000000,20260101000000,0,
2131,413,434,202601,all,1,,20260101000000,20260101000000,0,
2132,434,0,202601,all,1,,20260101000000,20260101000000,0,
2133,0,435,202601,all,1,,20260101000000,20260101000000,0,
2134,435,0,202601,all,1,,20260101000000,20260101000000,0,
2135,0,436,202601,all,1,,20260101000000,20260101000000,0,
2136,436,0,202601,all,1,,20260101000000,20260101000000,0,
2137,433,437,202601,all,1,,20260101000000,20260101000000,0,
2138,437,438,202601,all,1,,20260101000000,20260101000000,0,
2139,438,0,202601,all,1,,20260101000000,20260101000000,0,
2140,0,439,202601,all,1,,20260101000000,20260101000000,0,
2141,439,0,202601,all,1,,20260101000000,20260101000000,0,
2142,0,440,202601,all,9,,20260101000000,20260101000000,0,
2143,440,0,202601,all,9,,20260101000000,20260101000000,0,
2144,0,441,202601,all,1,,20260101000000,20260101000000,0,
2145,441,442,202601,all,1,,20260101000000,20260101000000,0,
2146,442,441,202601,all,1,,20260101000000,20260101000000,0,
2147,441,0,202601,all,1,,20260101000000,20260101000000,0,
2148,426,443,202601,all,1,,20260101000000,20260101000000,0,
2149,443,410,202601,all,1,,20260101000000,20260101000000,0,
2150,410,444,202601,all,1,,20260101000000,20260101000000,0,
2151,444,445,202601,all,1,,20260101000000,20260101000000,0,
2152,445,442,202601,all,1,,20260101000000,20260101000000,0,
2153,442,445,202601,all,1,,20260101000000,20260101000000,0,
2154,445,444,202601,all,1,,20260101000000,20260101000000,0,
2155,444,446,202601,all,1,,20260101000000,20260101000000,0,
2156,446,0,202601,all,2,,20260101000000,20260101000000,0,
2157,0,447,202601,all,2,,20260101000000,20260101000000,0,
2158,447,0,202601,all,2,,20260101000000,20260101000000,0,
2159,0,449,202601,all,1,,20260101000000,20260101000000,0,
2160,449,0,202601,all,1,,20260101000000,20260101000000,0,
2161,409,451,202601,all,1,,20260101000000,20260101000000,0,
2162,451,410,202601,all,1,,20260101000000,20260101000000,0,
2163,410,413,202601,all,2,,20260101000000,20260101000000,0,
2164,413,454,202601,all,1,,20260101000000,20260101000000,0,
2165,454,0,202601,all,1,,20260101000000,20260101000000,0,
2166,413,455,202601,all,1,,20260101000000,20260101000000,0,
2167,455,0,202601,all,1,,20260101000000,20260101000000,0,
2168,410,426,202601,all,1,,20260101000000,20260101000000,0,
2169,426,445,202601,all,1,,20260101000000,20260101000000,0,
2170,445,0,202601,all,1,,20260101000000,20260101000000,0,
2171,413,456,202601,all,2,,20260101000000,20260101000000,0,
2172,456,413,202601,all,2,,20260101000000,20260101000000,0,
2173,413,457,202601,all,3,,20260101000000,20260101000000,0,
2174,457,456,202601,all,2,,20260101000000,20260101000000,0,
2175,456,410,202601,all,1,,20260101000000,20260101000000,0,
2176,0,459,202601,all,1,,20260101000000,20260101000000,0,
2177,459,440,202601,all,1,,20260101000000,20260101000000,0,
2178,440,419,202601,all,2,,20260101000000,20260101000000,0,
2179,413,415,202601,all,1,,20260101000000,20260101000000,0,
2180,415,413,202601,all,1,,20260101000000,20260101000000,0,
2181,414,413,202601,all,1,,20260101000000,20260101000000,0,
2182,413,409,202601,all,2,,20260101000000,20260101000000,0,
2183,410,409,202601,all,3,,20260101000000,20260101000000,0,
2184,411,409,202601,all,3,,20260101000000,20260101000000,0,
2185,413,462,202601,all,2,,20260101000000,20260101000000,0,
2186,462,0,202601,all,2,,20260101000000,20260101000000,0,
2187,0,463,202601,all,2,,20260101000000,20260101000000,0,
2188,463,0,202601,all,2,,20260101000000,20260101000000,0,
2189,0,464,202601,all,1,,20260101000000,20260101000000,0,
2190,464,440,202601,all,1,,20260101000000,20260101000000,0,
2191,0,466,202601,all,1,,20260101000000,20260101000000,0,
2192,466,0,202601,all,1,,20260101000000,20260101000000,0,
2193,424,467,202601,all,3,,20260101000000,20260101000000,0,
2194,467,424,202601,all,2,,20260101000000,20260101000000,0,
2195,467,419,202601,all,1,,20260101000000,20260101000000,0,
2196,419,467,202601,all,1,,20260101000000,20260101000000,0,
2197,467,0,202601,all,2,,20260101000000,20260101000000,0,
2198,411,469,202601,all,2,,20260101000000,20260101000000,0,
2199,469,413,202601,all,1,,20260101000000,20260101000000,0,
2200,413,470,202601,all,1,,20260101000000,20260101000000,0,
2201,470,0,202601,all,1,,20260101000000,20260101000000,0,
2202,469,0,202601,all,2,,20260101000000,20260101000000,0,
2203,0,456,202601,all,2,,20260101000000,20260101000000,0,
2204,456,409,202601,all,1,,20260101000000,20260101000000,0,
2205,0,426,202601,all,2,,20260101000000,20260101000000,0,
2206,414,410,202601,all,1,,20260101000000,20260101000000,0,
2207,413,410,202601,all,1,,20260101000000,20260101000000,0,
2208,413,472,202601,all,1,,20260101000000,20260101000000,0,
2209,472,0,202601,all,1,,20260101000000,20260101000000,0,
2210,0,473,202601,all,1,,20260101000000,20260101000000,0,
2211,473,0,202601,all,1,,20260101000000,20260101000000,0,
2212,0,474,202601,all,1,,20260101000000,20260101000000,0,
2213,474,0,202601,all,1,,20260101000000,20260101000000,0,
2214,0,469,202601,all,2,,20260101000000,20260101000000,0,
2215,0,475,202601,all,1,,20260101000000,20260101000000,0,
2216,475,0,202601,all,1,,20260101000000,20260101000000,0,
2217,0,476,202601,all,1,,20260101000000,20260101000000,0,
2218,476,0,202601,all,1,,20260101000000,20260101000000,0,
2219,0,477,202601,all,1,,20260101000000,20260101000000,0,
2220,477,0,202601,all,1,,20260101000000,20260101000000,0,
2221,0,478,202601,all,1,,20260101000000,20260101000000,0,
2222,478,0,202601,all,1,,20260101000000,20260101000000,0,
2223,0,410,202601,all,12,,20260101000000,20260101000000,0,
2224,0,467,202601,all,1,,20260101000000,20260101000000,0,
2225,0,481,202601,all,1,,20260101000000,20260101000000,0,
2226,481,0,202601,all,1,,20260101000000,20260101000000,0,
2227,456,0,202601,all,1,,20260101000000,20260101000000,0,
2228,0,482,202601,all,2,,20260101000000,20260101000000,0,
2229,482,0,202601,all,2,,20260101000000,20260101000000,0,
2230,409,482,202601,all,4,,20260101000000,20260101000000,0,
2231,482,409,202601,all,5,,20260101000000,20260101000000,0,
2232,482,483,202601,all,1,,20260101000000,20260101000000,0,
2233,483,482,202601,all,1,,20260101000000,20260101000000,0,
2234,409,484,202601,all,1,,20260101000000,20260101000000,0,
2235,484,482,202601,all,1,,20260101000000,20260101000000,0,
2236,409,485,202601,all,1,,20260101000000,20260101000000,0,
2237,485,0,202601,all,1,,20260101000000,20260101000000,0,
2238,0,486,202601,all,1,,20260101000000,20260101000000,0,
2239,486,0,202601,all,1,,20260101000000,20260101000000,0,
2240,413,488,202601,all,1,,20260101000000,20260101000000,0,
2241,488,444,202601,all,1,,20260101000000,20260101000000,0,
2242,444,0,202601,all,1,,20260101000000,20260101000000,0,
2243,0,443,202601,all,1,,20260101000000,20260101000000,0,
2244,443,0,202601,all,1,,20260101000000,20260101000000,0,
2245,469,409,202601,all,1,,20260101000000,20260101000000,0,
2246,409,490,202601,all,1,,20260101000000,20260101000000,0,
2247,490,413,202601,all,3,,20260101000000,20260101000000,0,
2248,413,490,202601,all,2,,20260101000000,20260101000000,0,
2249,456,491,202601,all,1,,20260101000000,20260101000000,0,
2250,491,409,202601,all,1,,20260101000000,20260101000000,0,
2251,409,492,202601,all,1,,20260101000000,20260101000000,0,
2252,492,484,202601,all,1,,20260101000000,20260101000000,0,
2253,484,0,202601,all,1,,20260101000000,20260101000000,0,
2254,457,0,202601,all,1,,20260101000000,20260101000000,0,
2255,0,492,202601,all,1,,20260101000000,20260101000000,0,
2256,492,0,202601,all,1,,20260101000000,20260101000000,0,
2257,0,493,202601,all,1,,20260101000000,20260101000000,0,
2258,493,0,202601,all,1,,20260101000000,20260101000000,0,
2259,413,414,202601,all,1,,20260101000000,20260101000000,0,
2260,424,419,202601,all,1,,20260101000000,20260101000000,0,
2261,419,440,202601,all,1,,20260101000000,20260101000000,0,
2262,440,446,202601,all,1,,20260101000000,20260101000000,0,
2263,0,496,202602,all,1,,20260201000000,20260201000000,0,
2264,496,0,202602,all,1,,20260201000000,20260201000000,0,
2265,0,494,202602,all,33,,20260201000000,20260201000000,0,
2266,494,0,202602,all,33,,20260201000000,20260201000000,0,
2267,0,497,202602,all,4,,20260201000000,20260201000000,0,
2268,497,0,202602,all,4,,20260201000000,20260201000000,0,
2269,0,495,202602,all,19,,20260201000000,20260201000000,0,
2270,495,0,202602,all,19,,20260201000000,20260201000000,0,
2271,0,498,202602,all,37,,20260201000000,20260201000000,0,
2272,498,0,202602,all,35,,20260201000000,20260201000000,0,
2273,0,502,202602,all,2,,20260201000000,20260201000000,0,
2274,502,0,202602,all,2,,20260201000000,20260201000000,0,
2275,0,503,202602,all,7,,20260201000000,20260201000000,0,
2276,503,0,202602,all,7,,20260201000000,20260201000000,0,
2277,0,505,202602,all,3,,20260201000000,20260201000000,0,
2278,505,0,202602,all,3,,20260201000000,20260201000000,0,
2279,0,506,202602,all,2,,20260201000000,20260201000000,0,
2280,506,0,202602,all,2,,20260201000000,20260201000000,0,
2281,0,508,202602,all,1,,20260201000000,20260201000000,0,
2282,508,0,202602,all,1,,20260201000000,20260201000000,0,
2283,494,495,202602,all,3,,20260201000000,20260201000000,0,
2284,0,510,202602,all,2,,20260201000000,20260201000000,0,
2285,510,0,202602,all,2,,20260201000000,20260201000000,0,
2286,0,511,202602,all,7,,20260201000000,20260201000000,0,
2287,511,0,202602,all,9,,20260201000000,20260201000000,0,
2288,0,514,202602,all,1,,20260201000000,20260201000000,0,
2289,514,0,202602,all,1,,20260201000000,20260201000000,0,
2290,0,517,202602,all,4,,20260201000000,20260201000000,0,
2291,517,0,202602,all,4,,20260201000000,20260201000000,0,
2292,0,519,202602,all,1,,20260201000000,20260201000000,0,
2293,519,511,202602,all,1,,20260201000000,20260201000000,0,
2294,0,521,202602,all,1,,20260201000000,20260201000000,0,
2295,521,0,202602,all,1,,20260201000000,20260201000000,0,
2296,498,502,202602,all,1,,20260201000000,20260201000000,0,
2297,502,498,202602,all,1,,20260201000000,20260201000000,0,
2298,498,522,202602,all,1,,20260201000000,20260201000000,0,
2299,522,523,202602,all,2,,20260201000000,20260201000000,0,
2300,523,511,202602,all,1,,20260201000000,20260201000000,0,
2301,511,523,202602,all,1,,20260201000000,20260201000000,0,
2302,523,522,202602,all,1,,20260201000000,20260201000000,0,
2303,523,0,202602,all,8,,20260201000000,20260201000000,0,
2304,0,524,202602,all,1,,20260201000000,20260201000000,0,
2305,524,0,202602,all,1,,20260201000000,20260201000000,0,
2306,511,498,202602,all,1,,20260201000000,20260201000000,0,
2307,0,525,202602,all,2,,20260201000000,20260201000000,0,
2308,525,0,202602,all,2,,20260201000000,20260201000000,0,
2309,495,527,202602,all,1,,20260201000000,20260201000000,0,
2310,527,494,202602,all,1,,20260201000000,20260201000000,0,
2311,495,494,202602,all,1,,20260201000000,20260201000000,0,
2312,495,528,202602,all,1,,20260201000000,20260201000000,0,
2313,528,0,202602,all,1,,20260201000000,20260201000000,0,
2314,0,529,202602,all,14,,20260201000000,20260201000000,0,
2315,529,0,202602,all,11,,20260201000000,20260201000000,0,
2316,0,530,202602,all,4,,20260201000000,20260201000000,0,
2317,530,0,202602,all,4,,20260201000000,20260201000000,0,
2318,0,523,202602,all,7,,20260201000000,20260201000000,0,
2319,0,534,202602,all,1,,20260201000000,20260201000000,0,
2320,534,0,202602,all,1,,20260201000000,20260201000000,0,
2321,529,502,202602,all,1,,20260201000000,20260201000000,0,
2322,502,528,202602,all,1,,20260201000000,20260201000000,0,
2323,528,535,202602,all,1,,20260201000000,20260201000000,0,
2324,535,0,202602,all,1,,20260201000000,20260201000000,0,
2325,529,540,202602,all,1,,20260201000000,20260201000000,0,
2326,540,0,202602,all,1,,20260201000000,20260201000000,0,
2327,0,541,202602,all,1,,20260201000000,20260201000000,0,
2328,541,0,202602,all,1,,20260201000000,20260201000000,0,
2329,498,511,202602,all,2,,20260201000000,20260201000000,0,
2330,0,522,202602,all,1,,20260201000000,20260201000000,0,
2331,522,0,202602,all,1,,20260201000000,20260201000000,0,
2332,529,494,202602,all,1,,20260201000000,20260201000000,0,
2333,0,544,202602,all,1,,20260201000000,20260201000000,0,
2334,544,0,202602,all,1,,20260201000000,20260201000000,0,
